run,run_type,replay_mode
23839,SHMSHEEP,coin
23840,SHMSHEEP,coin
23841,SHMSHEEP,coin
23842,SHMSHEEP,coin
23844,SHMSHEEP,coin
23845,SHMSHEEP,coin
23846,SHMSHEEP,coin
23847,SHMSHEEP,coin
23848,SHMSHEEP,coin
23849,SHMSHEEP,coin
23850,SHMSHEEP,coin
23851,SHMSHEEP,coin
23853,HMSDIS,hms
23855,HMSDIS,hms
23856,SHMSDIS,shms
23857,HMSDIS,hms
23858,HMSDIS,hms
23859,HMSDIS,hms
23860,HMSDIS,hms
23861,PI-SIDIS,coin
23862,PI-SIDIS,coin
23864,PI-SIDIS,coin
23865,PI-SIDIS,coin
23866,PI-SIDIS,coin
23867,PI-SIDIS,coin
23868,PI-SIDIS,coin
23876,PI-SIDIS,coin
23878,PI-SIDIS,coin
23879,PI-SIDIS,coin
23880,PI-SIDIS,coin
23881,PI-SIDIS,coin
23882,PI-SIDIS,coin
23883,PI-SIDIS,coin
23884,PI-SIDIS,coin
23885,PI-SIDIS,coin
23886,PI-SIDIS,coin
23887,PI-SIDIS,coin
23888,PI-SIDIS,coin
23889,PI-SIDIS,coin
23890,PI-SIDIS,coin
23891,PI-SIDIS,coin
23892,PI-SIDIS,coin
23893,PI-SIDIS,coin
23894,PI-SIDIS,coin
23895,PI-SIDIS,coin
23896,PI-SIDIS,coin
23897,PI-SIDIS,coin
23898,PI-SIDIS,coin
23899,PI-SIDIS,coin
23900,PI-SIDIS,coin
23901,PI-SIDIS,coin
23902,PI-SIDIS,coin
23903,PI-SIDIS,coin
23904,PI-SIDIS,coin
23905,PI-SIDIS,coin
23906,PI-SIDIS,coin
23907,PI-SIDIS,coin
23908,PI-SIDIS,coin
23909,HMSDIS,hms
23911,SHMSDIS,shms
23912,SHMSDIS,shms
23913,SHMSDIS,shms
23915,SHMSDIS,shms
23918,HMSDIS,hms
23919,HMSDIS,hms
23925,HMSDIS,hms
23933,SHMSDIS,shms
23934,HMSDIS,hms
23937,SHMSDIS,shms
23938,HMSDIS,hms
23941,SHMSDIS,shms
23942,PI-SIDIS,coin
23943,PI-SIDIS,coin
23944,PI-SIDIS,coin
23945,PI-SIDIS,coin
23946,PI-SIDIS,coin
23947,PI-SIDIS,coin
23948,PI-SIDIS,coin
23949,PI-SIDIS,coin
23950,PI-SIDIS,coin
23951,PI-SIDIS,coin
23952,PI-SIDIS,coin
23953,PI-SIDIS,coin
23954,PI-SIDIS,coin
23955,PI-SIDIS,coin
23956,PI-SIDIS,coin
23957,PI-SIDIS,coin
23960,PI-SIDIS,coin
23961,PI-SIDIS,coin
23962,PI-SIDIS,coin
23963,HMSDIS,hms
23964,PI-SIDIS,coin
23965,PI-SIDIS,coin
23966,PI-SIDIS,coin
23967,PI-SIDIS,coin
23968,HMSDIS,hms
23969,PI-SIDIS,coin
23970,PI-SIDIS,coin
23971,HMSDIS,hms
23972,PI-SIDIS,coin
23973,PI-SIDIS,coin
23974,PI-SIDIS,coin
23975,PI-SIDIS,coin
23976,HMSDIS,hms
23977,PI-SIDIS,coin
23979,PI-SIDIS,coin
23980,PI-SIDIS,coin
23981,PI-SIDIS,coin
23982,PI-SIDIS,coin
23983,PI-SIDIS,coin
23984,PI-SIDIS,coin
23985,PI-SIDIS,coin
23986,PI-SIDIS,coin
23987,PI-SIDIS,coin
23988,PI-SIDIS,coin
23989,PI-SIDIS,coin
23990,PI-SIDIS,coin
23991,PI-SIDIS,coin
23992,PI-SIDIS,coin
23993,PI-SIDIS,coin
23994,PI-SIDIS,coin
23995,PI-SIDIS,coin
23996,PI-SIDIS,coin
23998,PI-SIDIS,coin
23999,PI-SIDIS,coin
24001,PI-SIDIS,coin
24002,PI-SIDIS,coin
24003,PI-SIDIS,coin
24004,PI-SIDIS,coin
24005,PI-SIDIS,coin
24006,PI-SIDIS,coin
24007,PI-SIDIS,coin
24008,PI-SIDIS,coin
24009,PI-SIDIS,coin
24010,PI-SIDIS,coin
24011,PI-SIDIS,coin
24012,PI-SIDIS,coin
24013,PI-SIDIS,coin
24014,PI-SIDIS,coin
24015,PI-SIDIS,coin
24016,PI-SIDIS,coin
24017,HMSDIS,hms
24018,SHMSDIS,shms
24019,PI-SIDIS,coin
24020,PI-SIDIS,coin
24021,PI-SIDIS,coin
24022,PI-SIDIS,coin
24023,PI-SIDIS,coin
24024,PI-SIDIS,coin
24026,PI-SIDIS,coin
24027,HMSDIS,hms
24031,SHMSDIS,shms
24032,PI-SIDIS,coin
24038,SHMSDIS,shms
24039,PI-SIDIS,coin
24040,PI-SIDIS,coin
24041,PI-SIDIS,coin
24042,PI-SIDIS,coin
24043,PI-SIDIS,coin
24044,HMSDIS,hms
24046,SHMSDIS,shms
24047,PI-SIDIS,coin
24048,PI-SIDIS,coin
24049,PI-SIDIS,coin
24050,PI-SIDIS,coin
24051,PI-SIDIS,coin
24052,HMSDIS,hms
24053,SHMSDIS,shms
24054,PI-SIDIS,coin
24055,PI-SIDIS,coin
24056,PI-SIDIS,coin
24057,PI-SIDIS,coin
24058,PI-SIDIS,coin
24059,PI-SIDIS,coin
24060,PI-SIDIS,coin
24061,PI-SIDIS,coin
24062,PI-SIDIS,coin
24063,PI-SIDIS,coin
24064,PI-SIDIS,coin
24065,PI-SIDIS,coin
24066,PI-SIDIS,coin
24067,PI-SIDIS,coin
24068,PI-SIDIS,coin
24069,PI-SIDIS,coin
24070,PI-SIDIS,coin
24071,PI-SIDIS,coin
24072,PI-SIDIS,coin
24073,PI-SIDIS,coin
24074,PI-SIDIS,coin
24075,PI-SIDIS,coin
24076,PI-SIDIS,coin
24078,SHMSDIS,shms
24079,PI-SIDIS,coin
24080,PI-SIDIS,coin
24081,PI-SIDIS,coin
24082,PI-SIDIS,coin
24083,HMSDIS,hms
24084,PI-SIDIS,coin
24085,PI-SIDIS,coin
24086,PI-SIDIS,coin
24087,PI-SIDIS,coin
24089,PI-SIDIS,coin
24091,PI-SIDIS,coin
24092,PI-SIDIS,coin
24093,PI-SIDIS,coin
24094,PI-SIDIS,coin
24095,PI-SIDIS,coin
24096,PI-SIDIS,coin
24097,PI-SIDIS,coin
24098,PI-SIDIS,coin
24099,PI-SIDIS,coin
24100,PI-SIDIS,coin
24101,PI-SIDIS,coin
24103,PI-SIDIS,coin
24104,PI-SIDIS,coin
24110,PI-SIDIS,coin
24111,PI-SIDIS,coin
24112,PI-SIDIS,coin
24113,PI-SIDIS,coin
24116,PI-SIDIS,coin
24117,PI-SIDIS,coin
24118,HMSDIS,hms
24119,SHMSDIS,shms
24120,PI-SIDIS,coin
24121,PI-SIDIS,coin
24122,PI-SIDIS,coin
24123,PI-SIDIS,coin
24125,PI-SIDIS,coin
24126,PI-SIDIS,coin
24127,PI-SIDIS,coin
24128,PI-SIDIS,coin
24129,PI-SIDIS,coin
24130,PI-SIDIS,coin
24131,PI-SIDIS,coin
24132,PI-SIDIS,coin
24133,PI-SIDIS,coin
24134,PI-SIDIS,coin
24135,PI-SIDIS,coin
24136,HMSDIS,hms
24137,SHMSDIS,shms
24138,PI-SIDIS,coin
24139,PI-SIDIS,coin
24140,PI-SIDIS,coin
24141,PI-SIDIS,coin
24142,HMSDIS,hms
24143,SHMSDIS,shms
24144,PI-SIDIS,coin
24145,PI-SIDIS,coin
24146,PI-SIDIS,coin
24147,PI-SIDIS,coin
24148,HMSDIS,hms
24149,SHMSDIS,shms
24150,PI-SIDIS,coin
24151,PI-SIDIS,coin
24153,PI-SIDIS,coin
24155,PI-SIDIS,coin
24156,PI-SIDIS,coin
24157,PI-SIDIS,coin
24158,PI-SIDIS,coin
24159,PI-SIDIS,coin
24160,PI-SIDIS,coin
24161,PI-SIDIS,coin
24162,PI-SIDIS,coin
24163,PI-SIDIS,coin
24164,PI-SIDIS,coin
24165,PI-SIDIS,coin
24166,PI-SIDIS,coin
24167,PI-SIDIS,coin
24168,PI-SIDIS,coin
24169,PI-SIDIS,coin
24170,PI-SIDIS,coin
24171,PI-SIDIS,coin
24172,PI-SIDIS,coin
24173,PI-SIDIS,coin
24174,PI-SIDIS,coin
24175,PI-SIDIS,coin
24176,PI-SIDIS,coin
24177,PI-SIDIS,coin
24178,PI-SIDIS,coin
24179,PI-SIDIS,coin
24183,HMSDIS,hms
24184,HMSDIS,hms
24185,PI-SIDIS,coin
24187,PI+SIDIS,coin
24188,PI+SIDIS,coin
24189,PI+SIDIS,coin
24190,PI+SIDIS,coin
24191,PI+SIDIS,coin
24192,PI+SIDIS,coin
24193,PI+SIDIS,coin
24194,PI+SIDIS,coin
24195,PI+SIDIS,coin
24196,PI+SIDIS,coin
24197,PI+SIDIS,coin
24198,HMSDIS,hms
24199,SHMSDIS,shms
24200,PI+SIDIS,coin
24201,PI+SIDIS,coin
24203,PI+SIDIS,coin
24204,PI+SIDIS,coin
24205,HMSDIS,hms
24206,PI+SIDIS,coin
24207,PI+SIDIS,coin
24208,PI+SIDIS,coin
24209,HMSDIS,hms
24210,PI+SIDIS,coin
24211,PI+SIDIS,coin
24212,HMSDIS,hms
24213,PI+SIDIS,coin
24214,PI+SIDIS,coin
24215,PI+SIDIS,coin
24216,PI+SIDIS,coin
24217,PI+SIDIS,coin
24218,PI+SIDIS,coin
24219,PI+SIDIS,coin
24220,PI+SIDIS,coin
24221,HMSDIS,hms
24222,PI+SIDIS,coin
24223,PI+SIDIS,coin
24224,PI+SIDIS,coin
24225,PI+SIDIS,coin
24226,PI+SIDIS,coin
24227,PI+SIDIS,coin
24228,PI+SIDIS,coin
24229,PI+SIDIS,coin
24230,PI+SIDIS,coin
24231,HMSDIS,hms
24232,PI+SIDIS,coin
24233,PI+SIDIS,coin
24234,PI+SIDIS,coin
24235,HMSDIS,hms
24236,PI+SIDIS,coin
24237,PI+SIDIS,coin
24238,PI+SIDIS,coin
24239,PI+SIDIS,coin
24240,PI+SIDIS,coin
24241,PI+SIDIS,coin
24242,HMSDIS,hms
24243,PI+SIDIS,coin
24244,PI+SIDIS,coin
24245,PI+SIDIS,coin
24246,PI+SIDIS,coin
24247,PI+SIDIS,coin
24248,PI+SIDIS,coin
24249,HMSDIS,hms
24250,PI+SIDIS,coin
24251,PI+SIDIS,coin
24252,PI+SIDIS,coin
24253,PI+SIDIS,coin
24254,PI+SIDIS,coin
24255,PI+SIDIS,coin
24256,HMSDIS,hms
24257,PI+SIDIS,coin
24258,PI+SIDIS,coin
24259,PI+SIDIS,coin
24260,PI+SIDIS,coin
24261,PI+SIDIS,coin
24262,PI+SIDIS,coin
24263,PI+SIDIS,coin
24264,PI+SIDIS,coin
24265,HMSDIS,hms
24266,PI+SIDIS,coin
24267,PI+SIDIS,coin
24268,PI+SIDIS,coin
24269,PI+SIDIS,coin
24270,PI+SIDIS,coin
24271,PI+SIDIS,coin
24273,PI+SIDIS,coin
24274,PI+SIDIS,coin
24275,PI+SIDIS,coin
24276,PI+SIDIS,coin
24277,PI+SIDIS,coin
24278,PI+SIDIS,coin
24279,PI+SIDIS,coin
24280,PI+SIDIS,coin
24281,PI+SIDIS,coin
24282,PI+SIDIS,coin
24283,PI+SIDIS,coin
24284,HMSDIS,hms
24285,HMSDIS,hms
24286,HMSDIS,hms
24287,HMSDIS,hms
24289,HMSDIS,hms
24290,HMSDIS,hms
24291,HMSDIS,hms
24292,HMSDIS,hms
24293,HMSDIS,hms
24294,HMSDIS,hms
24295,HMSDIS,hms
24296,HMSDIS,hms
24297,HMSDIS,hms
24298,HMSDIS,hms
24299,HMSDIS,hms
24301,HMSDIS,hms
24303,HMSDIS,hms
24304,HMSDIS,hms
24306,HMSDIS,hms
24307,HMSDIS,hms
24308,HMSDIS,hms
24309,HMSDIS,hms
24310,PI+SIDIS,coin
24311,PI+SIDIS,coin
24312,PI+SIDIS,coin
24313,PI+SIDIS,coin
24314,PI+SIDIS,coin
24315,PI+SIDIS,coin
24316,PI+SIDIS,coin
24317,PI+SIDIS,coin
24318,PI+SIDIS,coin
24319,HMSDIS,hms
24321,SHMSDIS,shms
24322,PI+SIDIS,coin
24323,PI+SIDIS,coin
24324,PI+SIDIS,coin
24325,PI+SIDIS,coin
24326,PI+SIDIS,coin
24327,PI+SIDIS,coin
24328,PI+SIDIS,coin
24329,PI+SIDIS,coin
24330,PI+SIDIS,coin
24331,PI+SIDIS,coin
24332,PI+SIDIS,coin
24333,HMSDIS,hms
24334,SHMSDIS,shms
24335,PI+SIDIS,coin
24336,PI+SIDIS,coin
24337,PI+SIDIS,coin
24338,PI+SIDIS,coin
24339,PI+SIDIS,coin
24340,HMSDIS,hms
24341,SHMSDIS,shms
24342,PI+SIDIS,coin
24343,PI+SIDIS,coin
24344,PI+SIDIS,coin
24345,PI+SIDIS,coin
24346,PI+SIDIS,coin
24347,PI+SIDIS,coin
24348,PI+SIDIS,coin
24349,PI+SIDIS,coin
24350,HMSDIS,hms
24351,SHMSDIS,shms
24352,PI+SIDIS,coin
24353,PI+SIDIS,coin
24354,PI+SIDIS,coin
24355,PI+SIDIS,coin
24356,PI+SIDIS,coin
24357,PI+SIDIS,coin
24359,PI+SIDIS,coin
24360,PI+SIDIS,coin
24361,HMSDIS,hms
24362,SHMSDIS,shms
24363,PI+SIDIS,coin
24364,PI+SIDIS,coin
24365,PI+SIDIS,coin
24366,PI+SIDIS,coin
24367,PI+SIDIS,coin
24368,PI+SIDIS,coin
24369,PI+SIDIS,coin
24370,PI+SIDIS,coin
24371,PI+SIDIS,coin
24372,PI+SIDIS,coin
24373,HMSDIS,hms
24375,HMSDIS,hms
24376,PI+SIDIS,coin
24377,PI+SIDIS,coin
24378,PI+SIDIS,coin
24379,PI+SIDIS,coin
24380,PI+SIDIS,coin
24381,PI+SIDIS,coin
24382,PI+SIDIS,coin
24383,PI+SIDIS,coin
24384,PI+SIDIS,coin
24385,PI+SIDIS,coin
24386,PI+SIDIS,coin
24387,PI+SIDIS,coin
24388,PI+SIDIS,coin
24389,PI+SIDIS,coin
24390,PI+SIDIS,coin
24396,PI+SIDIS,coin
24397,PI+SIDIS,coin
24398,PI+SIDIS,coin
24399,PI+SIDIS,coin
24400,PI+SIDIS,coin
24401,PI+SIDIS,coin
24402,PI+SIDIS,coin
24404,PI+SIDIS,coin
24405,PI+SIDIS,coin
24406,PI+SIDIS,coin
24407,PI+SIDIS,coin
24408,PI+SIDIS,coin
24409,PI+SIDIS,coin
24410,PI+SIDIS,coin
24411,PI+SIDIS,coin
24412,PI+SIDIS,coin
24413,PI+SIDIS,coin
24414,PI+SIDIS,coin
24415,PI+SIDIS,coin
24416,PI+SIDIS,coin
24417,PI+SIDIS,coin
24418,PI+SIDIS,coin
24419,PI+SIDIS,coin
24421,PI+SIDIS,coin
24422,PI+SIDIS,coin
24423,PI+SIDIS,coin
24424,PI+SIDIS,coin
24425,PI+SIDIS,coin
24426,PI+SIDIS,coin
24427,PI+SIDIS,coin
24428,PI+SIDIS,coin
24429,PI+SIDIS,coin
24430,PI+SIDIS,coin
24431,PI+SIDIS,coin
24432,PI+SIDIS,coin
24433,PI+SIDIS,coin
24434,PI+SIDIS,coin
24435,PI+SIDIS,coin
24436,PI+SIDIS,coin
24437,PI+SIDIS,coin
24438,HMSDIS,hms
24440,HMSDIS,hms
24441,SHMSDIS,shms
24442,PI+SIDIS,coin
24443,PI+SIDIS,coin
24444,PI+SIDIS,coin
24445,PI+SIDIS,coin
24446,PI+SIDIS,coin
24447,PI+SIDIS,coin
24448,PI+SIDIS,coin
24449,PI+SIDIS,coin
24450,PI+SIDIS,coin
24451,PI+SIDIS,coin
24452,PI+SIDIS,coin
24453,PI+SIDIS,coin
24454,PI+SIDIS,coin
24455,HMSDIS,hms
24456,HMSDIS,hms
24458,SHMSDIS,shms
24460,PI+SIDIS,coin
24461,PI+SIDIS,coin
24463,PI+SIDIS,coin
24464,PI+SIDIS,coin
24465,HMSDIS,hms
24466,HMSDIS,hms
24468,SHMSDIS,shms
24469,PI+SIDIS,coin
24470,PI+SIDIS,coin
24471,PI+SIDIS,coin
24472,PI+SIDIS,coin
24473,PI+SIDIS,coin
24474,PI+SIDIS,coin
24475,PI+SIDIS,coin
24476,PI+SIDIS,coin
24477,PI+SIDIS,coin
24478,PI+SIDIS,coin
24479,PI+SIDIS,coin
24480,PI+SIDIS,coin
24481,HMSDIS,hms
24482,HMSDIS,hms
24483,HMSDIS,hms
24484,SHMSDIS,shms
24485,PI+SIDIS,coin
24486,PI+SIDIS,coin
24487,PI+SIDIS,coin
24488,PI+SIDIS,coin
24489,PI+SIDIS,coin
24490,PI+SIDIS,coin
24491,PI+SIDIS,coin
24492,PI+SIDIS,coin
24493,PI+SIDIS,coin
24494,PI+SIDIS,coin
24495,HMSDIS,hms
24496,HMSDIS,hms
24497,SHMSDIS,shms
24498,HMSDIS,hms
24499,PI+SIDIS,coin
24500,PI+SIDIS,coin
24501,PI+SIDIS,coin
24502,PI+SIDIS,coin
24503,PI+SIDIS,coin
24504,PI+SIDIS,coin
24505,PI+SIDIS,coin
24506,PI+SIDIS,coin
24507,PI+SIDIS,coin
24508,PI+SIDIS,coin
24509,PI+SIDIS,coin
24510,PI+SIDIS,coin
24511,PI+SIDIS,coin
24512,PI+SIDIS,coin
24513,PI+SIDIS,coin
24514,PI+SIDIS,coin
24515,PI+SIDIS,coin
24516,PI+SIDIS,coin
24517,PI+SIDIS,coin
24521,PI+SIDIS,coin
24522,PI+SIDIS,coin
24523,PI+SIDIS,coin
24524,PI+SIDIS,coin
24525,PI+SIDIS,coin
24526,PI+SIDIS,coin
24527,PI+SIDIS,coin
24528,PI+SIDIS,coin
24529,PI+SIDIS,coin
24530,PI+SIDIS,coin
24531,PI+SIDIS,coin
24532,PI+SIDIS,coin
24533,PI+SIDIS,coin
24534,PI+SIDIS,coin
24535,PI+SIDIS,coin
24536,PI+SIDIS,coin
24537,HMSDIS,hms
24541,HMSDIS,hms
24543,PI+SIDIS,coin
24544,HMSDIS,hms
24545,PI+SIDIS,coin
24546,HMSDIS,hms
24547,PI+SIDIS,coin
24549,HMSDIS,hms
24550,PI+SIDIS,coin
24551,HMSDIS,hms
24553,PI+SIDIS,coin
24554,PI+SIDIS,coin
24555,PI+SIDIS,coin
24556,PI+SIDIS,coin
24557,PI+SIDIS,coin
24558,PI+SIDIS,coin
24559,PI+SIDIS,coin
24560,PI+SIDIS,coin
24561,PI+SIDIS,coin
24562,PI+SIDIS,coin
24563,HMSDIS,hms
24564,PI+SIDIS,coin
24566,PI+SIDIS,coin
24567,PI+SIDIS,coin
24568,PI+SIDIS,coin
24569,PI+SIDIS,coin
24570,PI+SIDIS,coin
24572,PI-SIDIS,coin
24573,HMSDIS,hms
24574,PI-SIDIS,coin
24575,HMSDIS,hms
24576,PI-SIDIS,coin
24577,HMSDIS,hms
24578,PI-SIDIS,coin
24579,HMSDIS,hms
24580,PI-SIDIS,coin
24581,HMSDIS,hms
24582,PI-SIDIS,coin
24583,PI-SIDIS,coin
24584,PI-SIDIS,coin
24585,PI-SIDIS,coin
24587,PI-SIDIS,coin
24588,PI-SIDIS,coin
24589,PI-SIDIS,coin
24590,PI-SIDIS,coin
24591,PI-SIDIS,coin
24592,PI-SIDIS,coin
24593,PI-SIDIS,coin
24594,PI-SIDIS,coin
24595,PI-SIDIS,coin
24596,PI-SIDIS,coin
24597,PI-SIDIS,coin
24598,PI-SIDIS,coin
24599,PI-SIDIS,coin
24600,PI-SIDIS,coin
24601,PI+SIDIS,coin
24602,PI+SIDIS,coin
24603,PI+SIDIS,coin
24604,PI+SIDIS,coin
24605,PI+SIDIS,coin
24606,PI+SIDIS,coin
24607,PI+SIDIS,coin
24608,PI+SIDIS,coin
24609,PI+SIDIS,coin
24610,PI+SIDIS,coin
24611,PI+SIDIS,coin
24612,PI+SIDIS,coin
24613,PI+SIDIS,coin
24614,PI+SIDIS,coin
24615,PI+SIDIS,coin
24616,PI+SIDIS,coin
24617,PI+SIDIS,coin
24618,PI+SIDIS,coin
24619,PI+SIDIS,coin
24620,PI+SIDIS,coin
24621,PI+SIDIS,coin
24622,PI+SIDIS,coin
24625,SHMSDIS,shms
24626,HMSDIS,hms
24627,PI+SIDIS,coin
24628,PI+SIDIS,coin
24629,PI+SIDIS,coin
24630,PI+SIDIS,coin
24631,PI+SIDIS,coin
24632,PI+SIDIS,coin
24633,PI+SIDIS,coin
24634,PI+SIDIS,coin
24635,PI+SIDIS,coin
24636,PI+SIDIS,coin
24637,HMSDIS,hms
24640,SHMSDIS,shms
24641,PI+SIDIS,coin
24642,PI+SIDIS,coin
24643,PI+SIDIS,coin
24644,HMSDIS,hms
24645,SHMSDIS,shms
24646,PI+SIDIS,coin
24647,PI+SIDIS,coin
24648,PI+SIDIS,coin
24649,PI+SIDIS,coin
24650,PI+SIDIS,coin
24651,PI+SIDIS,coin
24652,HMSDIS,hms
24653,SHMSDIS,shms
24654,PI+SIDIS,coin
24655,PI+SIDIS,coin
24656,PI+SIDIS,coin
24657,PI+SIDIS,coin
24658,PI+SIDIS,coin
24659,PI+SIDIS,coin
24660,PI+SIDIS,coin
24661,PI+SIDIS,coin
24662,PI+SIDIS,coin
24663,HMSDIS,hms
24665,SHMSDIS,shms
24666,PI+SIDIS,coin
24667,PI+SIDIS,coin
24668,PI+SIDIS,coin
24669,PI+SIDIS,coin
24670,PI+SIDIS,coin
24671,PI+SIDIS,coin
24672,PI+SIDIS,coin
24673,PI+SIDIS,coin
24674,PI+SIDIS,coin
24675,PI+SIDIS,coin
24676,PI+SIDIS,coin
24677,PI+SIDIS,coin
24678,PI+SIDIS,coin
24679,PI+SIDIS,coin
24680,PI+SIDIS,coin
24681,PI+SIDIS,coin
24682,PI+SIDIS,coin
24683,PI+SIDIS,coin
24684,PI+SIDIS,coin
24685,PI+SIDIS,coin
24686,PI+SIDIS,coin
24687,PI+SIDIS,coin
24688,PI+SIDIS,coin
24690,PI-SIDIS,coin
24691,PI-SIDIS,coin
24692,PI-SIDIS,coin
24693,PI-SIDIS,coin
24694,PI-SIDIS,coin
24695,PI-SIDIS,coin
24696,PI-SIDIS,coin
24697,PI-SIDIS,coin
24698,PI-SIDIS,coin
24699,PI-SIDIS,coin
24701,PI-SIDIS,coin
24702,PI-SIDIS,coin
24703,PI-SIDIS,coin
24705,HMSDIS,hms
24706,SHMSDIS,shms
24707,PI-SIDIS,coin
24708,PI-SIDIS,coin
24709,PI-SIDIS,coin
24710,PI-SIDIS,coin
24711,HMSDIS,hms
24712,SHMSDIS,shms
24713,PI-SIDIS,coin
24714,PI-SIDIS,coin
24715,PI-SIDIS,coin
24716,PI-SIDIS,coin
24717,PI-SIDIS,coin
24718,PI-SIDIS,coin
24719,PI-SIDIS,coin
24720,PI-SIDIS,coin
24721,PI-SIDIS,coin
24722,PI-SIDIS,coin
24723,PI-SIDIS,coin
24724,PI-SIDIS,coin
24725,PI-SIDIS,coin
24726,PI-SIDIS,coin
24727,PI-SIDIS,coin
24728,PI-SIDIS,coin
24729,PI-SIDIS,coin
24730,PI-SIDIS,coin
24731,PI-SIDIS,coin
24732,PI-SIDIS,coin
24733,PI-SIDIS,coin
24734,PI-SIDIS,coin
24736,PI-SIDIS,coin
24737,PI-SIDIS,coin
24738,PI-SIDIS,coin
24739,PI-SIDIS,coin
24740,PI-SIDIS,coin
24741,PI-SIDIS,coin
24742,PI-SIDIS,coin
24743,PI-SIDIS,coin
24744,PI-SIDIS,coin
24745,PI-SIDIS,coin
24746,PI-SIDIS,coin
24747,PI-SIDIS,coin
24748,PI-SIDIS,coin
24750,HMSDIS,hms
24752,SHMSDIS,shms
24753,PI-SIDIS,coin
24755,PI-SIDIS,coin
24756,PI-SIDIS,coin
24758,PI-SIDIS,coin
24759,PI-SIDIS,coin
24763,HMSDIS,hms
24765,SHMSDIS,shms
24766,PI-SIDIS,coin
24767,PI-SIDIS,coin
24768,PI-SIDIS,coin
24769,PI-SIDIS,coin
24770,PI-SIDIS,coin
24772,PI-SIDIS,coin
24773,PI-SIDIS,coin
24774,PI-SIDIS,coin
24775,PI-SIDIS,coin
24776,PI-SIDIS,coin
24777,PI-SIDIS,coin
24778,PI-SIDIS,coin
24779,PI+SIDIS,coin
24780,PI+SIDIS,coin
24781,PI+SIDIS,coin
24782,PI+SIDIS,coin
24783,PI+SIDIS,coin
24784,PI+SIDIS,coin
24785,PI+SIDIS,coin
24786,PI+SIDIS,coin
24787,PI+SIDIS,coin
24788,PI+SIDIS,coin
24789,PI+SIDIS,coin
24790,PI+SIDIS,coin
24791,PI+SIDIS,coin
24792,HMSDIS,hms
24793,SHMSDIS,shms
24794,PI+SIDIS,coin
24795,PI+SIDIS,coin
24796,PI+SIDIS,coin
24797,PI+SIDIS,coin
24798,PI+SIDIS,coin
24800,HMSDIS,hms
24802,SHMSDIS,shms
24803,PI+SIDIS,coin
24804,PI+SIDIS,coin
24805,PI+SIDIS,coin
24806,PI+SIDIS,coin
24807,PI+SIDIS,coin
24808,PI+SIDIS,coin
24809,PI+SIDIS,coin
24810,PI+SIDIS,coin
24811,PI+SIDIS,coin
24812,PI+SIDIS,coin
24813,PI+SIDIS,coin
24814,PI+SIDIS,coin
24815,PI+SIDIS,coin
24816,PI+SIDIS,coin
24817,PI+SIDIS,coin
24818,PI+SIDIS,coin
24819,PI+SIDIS,coin
24820,PI+SIDIS,coin
24821,PI+SIDIS,coin
24822,PI+SIDIS,coin
24823,PI+SIDIS,coin
24824,PI+SIDIS,coin
24825,PI+SIDIS,coin
24826,PI+SIDIS,coin
24827,PI+SIDIS,coin
24828,PI+SIDIS,coin
24829,PI-SIDIS,coin
24830,PI-SIDIS,coin
24831,PI-SIDIS,coin
24832,PI-SIDIS,coin
24833,SHMSHEE,shms
24834,SHMSHEE,shms
24835,SHMSHEE,shms
24836,SHMSHEE,shms
24837,SHMSHEE,shms
24838,SHMSHEE,shms
24839,SHMSHEE,shms
24840,SHMSHEE,shms
24841,SHMSHEE,shms
24842,SHMSHEE,shms
24843,SHMSHEE,shms
24844,SHMSHEE,shms
24845,SHMSHEE,shms
24846,SHMSHEE,shms
24847,HMSDIS,hms
24848,HMSDIS,hms
24861,PI-SIDIS,coin
24862,PI-SIDIS,coin
24863,PI-SIDIS,coin
24864,PI-SIDIS,coin
24865,PI+SIDIS,coin
24866,PI+SIDIS,coin
24867,PI+SIDIS,coin
24868,PI+SIDIS,coin
24870,PI+SIDIS,coin
24871,PI+SIDIS,coin
24872,PI+SIDIS,coin
24873,PI+SIDIS,coin
24874,PI+SIDIS,coin
24877,PI+SIDIS,coin
24878,PI+SIDIS,coin
24879,PI+SIDIS,coin
24880,PI+SIDIS,coin
24881,PI+SIDIS,coin
24882,PI+SIDIS,coin
24883,PI+SIDIS,coin
24884,HMSDIS,hms
24885,SHMSDIS,shms
24886,PI+SIDIS,coin
24887,PI+SIDIS,coin
24888,PI+SIDIS,coin
24889,PI+SIDIS,coin
24890,PI+SIDIS,coin
24891,HMSDIS,hms
24892,SHMSDIS,shms
24893,PI+SIDIS,coin
24894,PI+SIDIS,coin
24895,HMSDIS,hms
24896,SHMSDIS,shms
24897,PI+SIDIS,coin
24898,PI+SIDIS,coin
24899,PI+SIDIS,coin
24900,HMSDIS,hms
24901,SHMSDIS,shms
24902,PI+SIDIS,coin
24903,PI+SIDIS,coin
24905,HMSDIS,hms
24906,HMSDIS,hms
24907,PI+SIDIS,coin
24908,PI+SIDIS,coin
24909,PI+SIDIS,coin
24910,PI+SIDIS,coin
24911,HMSDIS,hms
24912,SHMSDIS,shms
24913,PI+SIDIS,coin
24914,PI+SIDIS,coin
24915,PI+SIDIS,coin
24916,PI+SIDIS,coin
24917,PI+SIDIS,coin
24920,PI+SIDIS,coin
24921,PI+SIDIS,coin
24922,HMSDIS,hms
24923,SHMSDIS,shms
24924,PI+SIDIS,coin
24925,HMSDIS,hms
24926,SHMSDIS,shms
24927,PI+SIDIS,coin
24928,PI+SIDIS,coin
24929,PI+SIDIS,coin
24930,PI+SIDIS,coin
24931,HMSDIS,hms
24932,SHMSDIS,shms
24933,PI+SIDIS,coin
24934,PI+SIDIS,coin
24935,PI+SIDIS,coin
24936,HMSDIS,hms
24937,SHMSDIS,shms
24938,PI+SIDIS,coin
24939,PI+SIDIS,coin
24943,PI+SIDIS,coin
24944,PI+SIDIS,coin
24945,PI+SIDIS,coin
24946,PI+SIDIS,coin
24947,PI+SIDIS,coin
24948,PI+SIDIS,coin
24949,PI+SIDIS,coin
24950,PI+SIDIS,coin
24951,PI+SIDIS,coin
24952,PI+SIDIS,coin
24953,PI+SIDIS,coin
24954,PI+SIDIS,coin
24955,PI+SIDIS,coin
24956,PI+SIDIS,coin
24957,PI+SIDIS,coin
24958,PI+SIDIS,coin
24959,PI+SIDIS,coin
24960,PI+SIDIS,coin
24961,PI+SIDIS,coin
24962,PI+SIDIS,coin
24964,PI+SIDIS,coin
24965,PI+SIDIS,coin
24966,PI+SIDIS,coin
24967,HMSDIS,hms
24968,SHMSDIS,shms
24969,PI+SIDIS,coin
24970,PI+SIDIS,coin
24971,PI+SIDIS,coin
24972,PI+SIDIS,coin
24974,PI+SIDIS,coin
24975,PI+SIDIS,coin
24978,HMSDIS,hms
24980,SHMSDIS,shms
24981,PI+SIDIS,coin
24982,PI+SIDIS,coin
24983,HMSDIS,hms
24984,SHMSDIS,shms
24985,PI+SIDIS,coin
24986,PI+SIDIS,coin
24987,PI+SIDIS,coin
24988,PI+SIDIS,coin
24989,HMSDIS,hms
24990,SHMSDIS,shms
24991,PI+SIDIS,coin
24992,PI+SIDIS,coin
24994,PI+SIDIS,coin
24995,PI+SIDIS,coin
24996,HMSDIS,hms
24997,SHMSDIS,shms
24998,PI+SIDIS,coin
24999,PI+SIDIS,coin
25000,PI+SIDIS,coin
25001,PI+SIDIS,coin
25002,PI+SIDIS,coin
25003,PI+SIDIS,coin
25004,PI+SIDIS,coin
25005,PI+SIDIS,coin
25006,PI+SIDIS,coin
25007,PI+SIDIS,coin
25008,PI+SIDIS,coin
25010,PI-SIDIS,coin
25011,PI-SIDIS,coin
25012,PI-SIDIS,coin
25016,PI-SIDIS,coin
25017,PI-SIDIS,coin
25018,PI-SIDIS,coin
25019,PI-SIDIS,coin
25020,PI-SIDIS,coin
25021,HMSDIS,hms
25022,SHMSDIS,shms
25023,HMSDIS,hms
25024,SHMSDIS,shms
25026,PI-SIDIS,coin
25027,PI-SIDIS,coin
25028,HMSDIS,hms
25029,SHMSDIS,shms
25030,PI-SIDIS,coin
25031,PI-SIDIS,coin
25034,PI-SIDIS,coin
25035,PI-SIDIS,coin
25036,HMSDIS,hms
25037,SHMSDIS,shms
25038,PI-SIDIS,coin
25041,PI-SIDIS,coin
25042,HMSDIS,hms
25043,SHMSDIS,shms
25044,PI-SIDIS,coin
25045,PI-SIDIS,coin
25046,PI-SIDIS,coin
25047,HMSDIS,hms
25048,SHMSDIS,shms
25049,PI-SIDIS,coin
25050,PI-SIDIS,coin
25051,PI-SIDIS,coin
25052,PI-SIDIS,coin
25053,PI-SIDIS,coin
25054,HMSDIS,hms
25055,SHMSDIS,shms
25056,PI-SIDIS,coin
25057,HMSDIS,hms
25058,SHMSDIS,shms
25059,PI-SIDIS,coin
25060,PI-SIDIS,coin
25061,PI-SIDIS,coin
25062,PI-SIDIS,coin
25063,PI-SIDIS,coin
25064,PI-SIDIS,coin
25065,PI-SIDIS,coin
25066,PI-SIDIS,coin
25067,PI-SIDIS,coin
25068,PI-SIDIS,coin
25069,PI-SIDIS,coin
25070,PI-SIDIS,coin
25071,PI-SIDIS,coin
25072,PI-SIDIS,coin
25073,PI-SIDIS,coin
25074,PI-SIDIS,coin
25076,PI-SIDIS,coin
25077,PI-SIDIS,coin
25078,PI-SIDIS,coin
25079,PI-SIDIS,coin
25080,PI-SIDIS,coin
25081,HMSDIS,hms
25082,SHMSDIS,shms
25083,PI-SIDIS,coin
25084,PI-SIDIS,coin
25085,PI-SIDIS,coin
25086,PI-SIDIS,coin
25087,PI-SIDIS,coin
25088,PI-SIDIS,coin
25089,HMSDIS,hms
25090,SHMSDIS,shms
25091,PI-SIDIS,coin
25092,PI-SIDIS,coin
25093,PI-SIDIS,coin
25094,HMSDIS,hms
25095,SHMSDIS,shms
25096,PI-SIDIS,coin
25097,PI-SIDIS,coin
25098,PI-SIDIS,coin
25099,PI-SIDIS,coin
25101,HMSDIS,hms
25102,PI-SIDIS,coin
25103,PI-SIDIS,coin
25104,PI-SIDIS,coin
25105,PI-SIDIS,coin
25106,HMSDIS,hms
25108,PI-SIDIS,coin
25109,PI-SIDIS,coin
25110,PI-SIDIS,coin
25111,PI-SIDIS,coin
25112,PI-SIDIS,coin
25114,PI-SIDIS,coin
25115,PI-SIDIS,coin
25116,PI-SIDIS,coin
25117,PI-SIDIS,coin
25119,PI-SIDIS,coin
25120,PI-SIDIS,coin
25121,PI-SIDIS,coin
25122,PI-SIDIS,coin
25123,PI-SIDIS,coin
25124,PI-SIDIS,coin
25125,HMSDIS,hms
25126,PI-SIDIS,coin
25127,PI-SIDIS,coin
25128,PI-SIDIS,coin
25129,PI-SIDIS,coin
25130,PI-SIDIS,coin
25131,PI-SIDIS,coin
25132,HMSDIS,hms
25133,HMSDIS,hms
25134,PI-SIDIS,coin
25135,PI-SIDIS,coin
25136,HMSDIS,hms
25137,HMSDIS,hms
25138,PI-SIDIS,coin
25139,PI-SIDIS,coin
25140,PI-SIDIS,coin
25141,PI-SIDIS,coin
25142,HMSDIS,hms
25143,SHMSDIS,shms
25144,SHMSDIS,shms
25145,HMSDIS,hms
25146,PI-SIDIS,coin
25147,PI-SIDIS,coin
25148,PI-SIDIS,coin
25149,PI-SIDIS,coin
25150,PI-SIDIS,coin
25151,PI-SIDIS,coin
25152,HMSDIS,hms
25153,SHMSDIS,shms
25154,PI-SIDIS,coin
25155,HMSDIS,hms
25156,SHMSDIS,shms
25157,PI-SIDIS,coin
25158,PI-SIDIS,coin
25162,PI-SIDIS,coin
25163,PI-SIDIS,coin
25164,PI-SIDIS,coin
25165,PI-SIDIS,coin
25166,PI-SIDIS,coin
25167,PI-SIDIS,coin
25168,PI-SIDIS,coin
25169,PI-SIDIS,coin
25170,PI-SIDIS,coin
25171,PI-SIDIS,coin
25178,HMSDIS,hms
25181,PI-SIDIS,coin
25182,PI-SIDIS,coin
25183,PI-SIDIS,coin
25184,PI-SIDIS,coin
25185,PI-SIDIS,coin
25186,HMSDIS,hms
25187,PI-SIDIS,coin
25188,SHMSDIS,shms
25189,PI-SIDIS,coin
25190,PI-SIDIS,coin
25191,SHMSDIS,shms
25192,PI-SIDIS,coin
25193,PI-SIDIS,coin
25194,PI-SIDIS,coin
25195,PI-SIDIS,coin
25196,PI-SIDIS,coin
25197,PI-SIDIS,coin
25198,PI-SIDIS,coin
25200,PI-SIDIS,coin
25201,PI-SIDIS,coin
25202,PI-SIDIS,coin
25203,PI-SIDIS,coin
25204,PI-SIDIS,coin
25205,PI-SIDIS,coin
25206,PI-SIDIS,coin
25207,PI-SIDIS,coin
25208,PI-SIDIS,coin
25210,PI-SIDIS,coin
25211,PI-SIDIS,coin
25212,HMSDIS,hms
25213,SHMSDIS,shms
25214,PI-SIDIS,coin
25215,HMSDIS,hms
25216,SHMSDIS,shms
25217,PI-SIDIS,coin
25218,PI-SIDIS,coin
25219,PI-SIDIS,coin
25220,PI-SIDIS,coin
25221,PI-SIDIS,coin
25222,PI-SIDIS,coin
25227,PI+SIDIS,coin
25228,PI+SIDIS,coin
25229,PI+SIDIS,coin
25230,PI+SIDIS,coin
25232,HMSDIS,hms
25233,PI+SIDIS,coin
25234,PI+SIDIS,coin
25235,PI+SIDIS,coin
25236,PI+SIDIS,coin
25237,PI+SIDIS,coin
25238,HMSDIS,hms
25239,SHMSDIS,shms
25240,PI+SIDIS,coin
25241,PI+SIDIS,coin
25243,HMSDIS,hms
25244,SHMSDIS,shms
25247,PI+SIDIS,coin
25248,PI+SIDIS,coin
25249,PI+SIDIS,coin
25250,HMSDIS,hms
25251,PI+SIDIS,coin
25252,PI+SIDIS,coin
25253,HMSDIS,hms
25255,PI+SIDIS,coin
25256,PI+SIDIS,coin
25257,PI+SIDIS,coin
25258,PI+SIDIS,coin
25259,PI+SIDIS,coin
25260,HMSDIS,hms
25261,SHMSDIS,shms
25262,PI+SIDIS,coin
25263,PI+SIDIS,coin
25264,PI+SIDIS,coin
25265,PI+SIDIS,coin
25266,PI+SIDIS,coin
25267,HMSDIS,hms
25268,SHMSDIS,shms
25269,PI+SIDIS,coin
25270,HMSDIS,hms
25271,SHMSDIS,shms
25272,PI+SIDIS,coin
25273,PI+SIDIS,coin
25274,HMSDIS,hms
25275,PI+SIDIS,coin
25276,PI+SIDIS,coin
25277,PI+SIDIS,coin
25278,HMSDIS,hms
25279,PI+SIDIS,coin
25280,PI+SIDIS,coin
25281,PI+SIDIS,coin
25282,PI+SIDIS,coin
25283,PI+SIDIS,coin
25284,HMSDIS,hms
25285,SHMSDIS,shms
25286,PI+SIDIS,coin
25287,PI+SIDIS,coin
25288,PI+SIDIS,coin
25289,PI+SIDIS,coin
25290,PI+SIDIS,coin
25291,HMSDIS,hms
25292,SHMSDIS,shms
25293,PI+SIDIS,coin
25294,HMSDIS,hms
25295,PI+SIDIS,coin
25296,PI+SIDIS,coin
25297,HMSDIS,hms
25298,PI+SIDIS,coin
25299,PI+SIDIS,coin
25300,PI+SIDIS,coin
25301,PI+SIDIS,coin
25302,HMSDIS,hms
25303,PI+SIDIS,coin
25305,PI+SIDIS,coin
25306,PI+SIDIS,coin
25308,HMSDIS,hms
25309,PI+SIDIS,coin
25310,PI+SIDIS,coin
25311,PI+SIDIS,coin
25312,PI+SIDIS,coin
25313,PI+SIDIS,coin
25314,PI+SIDIS,coin
25315,PI+SIDIS,coin
25316,PI+SIDIS,coin
25317,PI+SIDIS,coin
25318,PI+SIDIS,coin
25319,PI+SIDIS,coin
25320,PI+SIDIS,coin
25321,PI+SIDIS,coin
25322,PI+SIDIS,coin
25323,PI+SIDIS,coin
25328,PI+SIDIS,coin
25329,PI+SIDIS,coin
25330,PI+SIDIS,coin
25331,PI+SIDIS,coin
25333,PI+SIDIS,coin
25334,PI+SIDIS,coin
25335,HMSDIS,hms
25336,PI+SIDIS,coin
25337,PI+SIDIS,coin
25338,PI+SIDIS,coin
25340,PI+SIDIS,coin
25341,PI+SIDIS,coin
25342,PI+SIDIS,coin
25343,PI+SIDIS,coin
25344,PI+SIDIS,coin
25345,PI+SIDIS,coin
25356,PI+SIDIS,coin
25357,PI+SIDIS,coin
25358,PI+SIDIS,coin
25359,PI+SIDIS,coin
25360,PI+SIDIS,coin
25361,HMSDIS,hms
25363,PI+SIDIS,coin
25364,PI+SIDIS,coin
25365,PI+SIDIS,coin
25366,PI+SIDIS,coin
25367,HMSDIS,hms
25368,PI+SIDIS,coin
25369,HMSDIS,hms
25370,PI+SIDIS,coin
25371,PI+SIDIS,coin
25372,PI+SIDIS,coin
25373,HMSDIS,hms
25374,PI+SIDIS,coin
25375,PI+SIDIS,coin
25376,PI+SIDIS,coin
25378,HMSDIS,hms
25379,PI+SIDIS,coin
25380,PI+SIDIS,coin
25381,PI+SIDIS,coin
25382,PI+SIDIS,coin
25383,PI+SIDIS,coin
25384,PI+SIDIS,coin
25385,PI+SIDIS,coin
25386,PI+SIDIS,coin
25387,PI+SIDIS,coin
25388,PI+SIDIS,coin
25389,PI+SIDIS,coin
25391,HMSDIS,hms
25394,PI+SIDIS,coin
25395,PI+SIDIS,coin
25396,HMSDIS,hms
25397,HMSDIS,hms
25399,HMSDIS,hms
25400,HMSDIS,hms
25401,HMSDIS,hms
25402,HMSDIS,hms
25403,HMSDIS,hms
25404,HMSDIS,hms
25405,HMSDIS,hms
25406,HMSDIS,hms
25407,HMSDIS,hms
25408,HMSDIS,hms
25409,HMSDIS,hms
25410,HMSDIS,hms
25411,HMSDIS,hms
25412,HMSDIS,hms
25413,HMSDIS,hms
25414,HMSDIS,hms
25415,HMSDIS,hms
25416,HMSDIS,hms
25417,HMSDIS,hms
25418,HMSDIS,hms
25420,HMSDIS,hms
25421,HMSDIS,hms
25422,HMSDIS,hms
25423,PI-SIDIS,coin
25424,PI-SIDIS,coin
25425,PI-SIDIS,coin
25426,PI-SIDIS,coin
25427,PI-SIDIS,coin
25428,PI-SIDIS,coin
25429,PI-SIDIS,coin
25430,PI-SIDIS,coin
25431,HMSDIS,hms
25432,PI-SIDIS,coin
25433,PI-SIDIS,coin
25434,PI-SIDIS,coin
25435,PI-SIDIS,coin
25436,PI-SIDIS,coin
25437,PI-SIDIS,coin
25438,PI-SIDIS,coin
25439,PI-SIDIS,coin
25440,PI-SIDIS,coin
25441,PI-SIDIS,coin
25442,PI-SIDIS,coin
25443,PI-SIDIS,coin
25444,PI-SIDIS,coin
25445,PI-SIDIS,coin
25446,PI-SIDIS,coin
25447,PI-SIDIS,coin
25448,PI-SIDIS,coin
25449,PI-SIDIS,coin
25450,PI-SIDIS,coin
25451,PI-SIDIS,coin
25452,PI-SIDIS,coin
25453,PI-SIDIS,coin
25455,PI-SIDIS,coin
25456,HMSDIS,hms
25457,PI-SIDIS,coin
25459,PI-SIDIS,coin
25461,HMSDIS,hms
25462,PI-SIDIS,coin
25463,PI-SIDIS,coin
25464,PI+SIDIS,coin
25465,PI+SIDIS,coin
25466,PI+SIDIS,coin
25467,PI+SIDIS,coin
25468,PI+SIDIS,coin
25469,PI+SIDIS,coin
25470,HMSDIS,hms
25471,HMSDIS,hms
25472,HMSDIS,hms
25473,HMSDIS,hms
25474,PI+SIDIS,coin
25475,SHMSHEEP,coin
25476,SHMSHEEP,coin
25477,SHMSHEEP,coin
25478,SHMSHEEP,coin
25479,SHMSHEEP,coin
25480,SHMSHEEP,coin
25481,SHMSHEEP,coin
25482,SHMSHEEP,coin
25483,SHMSHEEP,coin
25484,PI-SIDIS,coin
25485,PI-SIDIS,coin
25486,PI-SIDIS,coin
25487,PI-SIDIS,coin
25488,PI-SIDIS,coin
25489,PI-SIDIS,coin
25490,PI-SIDIS,coin
25491,PI-SIDIS,coin
25492,PI-SIDIS,coin
25493,PI-SIDIS,coin
25494,PI-SIDIS,coin
25495,PI-SIDIS,coin
25496,PI-SIDIS,coin
25497,PI-SIDIS,coin
25498,PI-SIDIS,coin
25499,PI-SIDIS,coin
25500,PI-SIDIS,coin
25501,PI-SIDIS,coin
25502,PI-SIDIS,coin
25503,PI-SIDIS,coin
25504,PI-SIDIS,coin
25505,PI-SIDIS,coin
25506,PI-SIDIS,coin
25507,PI-SIDIS,coin
25508,PI-SIDIS,coin
25509,PI-SIDIS,coin
25510,PI-SIDIS,coin
25511,PI-SIDIS,coin
25512,PI-SIDIS,coin
25513,PI-SIDIS,coin
25514,PI-SIDIS,coin
25515,PI-SIDIS,coin
25516,PI-SIDIS,coin
25517,PI-SIDIS,coin
25518,PI-SIDIS,coin
25519,PI-SIDIS,coin
25520,PI-SIDIS,coin
25532,PI-SIDIS,coin
25533,PI-SIDIS,coin
25534,PI-SIDIS,coin
25536,PI-SIDIS,coin
25538,PI-SIDIS,coin
25539,PI+SIDIS,coin
25540,PI+SIDIS,coin
25541,PI+SIDIS,coin
25542,PI+SIDIS,coin
25543,PI+SIDIS,coin
25544,PI+SIDIS,coin
25545,PI+SIDIS,coin
25546,PI+SIDIS,coin
25547,PI+SIDIS,coin
25548,PI+SIDIS,coin
25550,HMSHEE,hms
25551,HMSHEE,hms
25552,HMSHEE,hms
25554,HMSHEE,hms
25555,HMSHEE,hms
25556,HMSHEE,hms
25557,HMSHEE,hms
25558,HMSHEE,hms
25560,HMSHEE,hms
25562,HMSHEE,hms
25563,HMSHEE,hms
25564,HMSHEE,hms
25565,HMSHEE,hms
25566,HMSHEE,hms
25567,HMSHEE,hms
25573,SHMSHEE,shms
25574,SHMSHEE,shms
25575,SHMSHEE,shms
25576,SHMSHEE,shms
25577,SHMSHEE,shms
25578,SHMSHEE,shms
25579,SHMSHEE,shms
25580,SHMSHEE,shms
25581,SHMSHEE,shms
25582,SHMSHEE,shms
25583,SHMSHEE,shms
25584,SHMSHEE,shms
25585,SHMSHEE,shms
25586,SHMSHEE,shms
25587,SHMSHEE,shms
25588,SHMSHEE,shms
25589,SHMSHEE,shms
25590,SHMSHEE,shms
25591,SHMSHEE,shms
25592,SHMSHEE,shms
25593,SHMSHEE,shms
25594,SHMSHEE,shms
25595,SHMSHEE,shms
25596,SHMSHEE,shms
25597,SHMSHEE,shms
25598,SHMSHEE,shms
25599,SHMSHEE,shms
25600,SHMSHEE,shms
25601,SHMSHEE,shms
25602,SHMSHEE,shms
25603,SHMSHEE,shms
