phase,run,run_type,replay_mode,root_file,t_entries,tsh_last_evnumber,tsh_difference,tsh_flag,tsp_last_evnumber,tsp_difference,tsp_flag,overall_flag,status
phase1,24110,PI-SIDIS,coin,/cache/hallc/c-rsidis/analysis/replays/pass0p1/coin_replay_production_24110_-1.root,287177,667370,380193,1,667370,380193,1,1,DISCREPANCY
phase1,24111,PI-SIDIS,coin,/cache/hallc/c-rsidis/analysis/replays/pass0p1/coin_replay_production_24111_-1.root,300837,648048,347211,1,648048,347211,1,1,DISCREPANCY
phase1,24112,PI-SIDIS,coin,/cache/hallc/c-rsidis/analysis/replays/pass0p1/coin_replay_production_24112_-1.root,334682,684117,349435,1,684117,349435,1,1,DISCREPANCY
phase1,24113,PI-SIDIS,coin,/cache/hallc/c-rsidis/analysis/replays/pass0p1/coin_replay_production_24113_-1.root,146136,501132,354996,1,501132,354996,1,1,DISCREPANCY
phase1,24116,PI-SIDIS,coin,/cache/hallc/c-rsidis/analysis/replays/pass0p1/coin_replay_production_24116_-1.root,238322,400418,162096,1,400418,162096,1,1,DISCREPANCY
phase1,24877,PI+SIDIS,coin,/cache/hallc/c-rsidis/analysis/replays/pass0p1/coin_replay_production_24877_-1.root,263558,266452,2894,1,266452,2894,1,1,DISCREPANCY
phase1,24878,PI+SIDIS,coin,/cache/hallc/c-rsidis/analysis/replays/pass0p1/coin_replay_production_24878_-1.root,1773721,1784729,11008,1,1784729,11008,1,1,DISCREPANCY
phase1,24879,PI+SIDIS,coin,/cache/hallc/c-rsidis/analysis/replays/pass0p1/coin_replay_production_24879_-1.root,299994,302589,2595,1,302589,2595,1,1,DISCREPANCY
phase1,24880,PI+SIDIS,coin,/cache/hallc/c-rsidis/analysis/replays/pass0p1/coin_replay_production_24880_-1.root,1844453,1863760,19307,1,1863760,19307,1,1,DISCREPANCY
phase1,24881,PI+SIDIS,coin,/cache/hallc/c-rsidis/analysis/replays/pass0p1/coin_replay_production_24881_-1.root,1843658,1863900,20242,1,1863900,20242,1,1,DISCREPANCY
phase1,24882,PI+SIDIS,coin,/cache/hallc/c-rsidis/analysis/replays/pass0p1/coin_replay_production_24882_-1.root,791647,809281,17634,1,809281,17634,1,1,DISCREPANCY
phase1,24883,PI+SIDIS,coin,/cache/hallc/c-rsidis/analysis/replays/pass0p1/coin_replay_production_24883_-1.root,203734,221981,18247,1,221981,18247,1,1,DISCREPANCY
phase1,24886,PI+SIDIS,coin,/cache/hallc/c-rsidis/analysis/replays/pass0p1/coin_replay_production_24886_-1.root,666622,685467,18845,1,685467,18845,1,1,DISCREPANCY
phase1,24887,PI+SIDIS,coin,/cache/hallc/c-rsidis/analysis/replays/pass0p1/coin_replay_production_24887_-1.root,525255,543118,17863,1,543118,17863,1,1,DISCREPANCY
phase1,24888,PI+SIDIS,coin,/cache/hallc/c-rsidis/analysis/replays/pass0p1/coin_replay_production_24888_-1.root,1819213,1836451,17238,1,1836451,17238,1,1,DISCREPANCY
phase1,24889,PI+SIDIS,coin,/cache/hallc/c-rsidis/analysis/replays/pass0p1/coin_replay_production_24889_-1.root,392522,410827,18305,1,410827,18305,1,1,DISCREPANCY
phase1,24890,PI+SIDIS,coin,/cache/hallc/c-rsidis/analysis/replays/pass0p1/coin_replay_production_24890_-1.root,124879,144452,19573,1,144452,19573,1,1,DISCREPANCY
phase1,24893,PI+SIDIS,coin,/cache/hallc/c-rsidis/analysis/replays/pass0p1/coin_replay_production_24893_-1.root,205807,224378,18571,1,224378,18571,1,1,DISCREPANCY
phase1,24894,PI+SIDIS,coin,/cache/hallc/c-rsidis/analysis/replays/pass0p1/coin_replay_production_24894_-1.root,239145,256850,17705,1,256850,17705,1,1,DISCREPANCY
phase1,24897,PI+SIDIS,coin,/cache/hallc/c-rsidis/analysis/replays/pass0p1/coin_replay_production_24897_-1.root,616218,634531,18313,1,634531,18313,1,1,DISCREPANCY
phase1,24898,PI+SIDIS,coin,/cache/hallc/c-rsidis/analysis/replays/pass0p1/coin_replay_production_24898_-1.root,1571672,1600397,28725,1,1600397,28725,1,1,DISCREPANCY
phase1,24899,PI+SIDIS,coin,/cache/hallc/c-rsidis/analysis/replays/pass0p1/coin_replay_production_24899_-1.root,240708,259215,18507,1,259215,18507,1,1,DISCREPANCY
phase1,24902,PI+SIDIS,coin,/cache/hallc/c-rsidis/analysis/replays/pass0p1/coin_replay_production_24902_-1.root,405520,421703,16183,1,421703,16183,1,1,DISCREPANCY
phase1,24903,PI+SIDIS,coin,/cache/hallc/c-rsidis/analysis/replays/pass0p1/coin_replay_production_24903_-1.root,1305431,1330847,25416,1,1330847,25416,1,1,DISCREPANCY
phase1,24907,PI+SIDIS,coin,/cache/hallc/c-rsidis/analysis/replays/pass0p1/coin_replay_production_24907_-1.root,1021824,1050789,28965,1,1050789,28965,1,1,DISCREPANCY
phase1,24908,PI+SIDIS,coin,/cache/hallc/c-rsidis/analysis/replays/pass0p1/coin_replay_production_24908_-1.root,1178734,1197582,18848,1,1197582,18848,1,1,DISCREPANCY
phase1,24909,PI+SIDIS,coin,/cache/hallc/c-rsidis/analysis/replays/pass0p1/coin_replay_production_24909_-1.root,337707,359257,21550,1,359257,21550,1,1,DISCREPANCY
phase1,24910,PI+SIDIS,coin,/cache/hallc/c-rsidis/analysis/replays/pass0p1/coin_replay_production_24910_-1.root,320027,340056,20029,1,340056,20029,1,1,DISCREPANCY
phase1,24913,PI+SIDIS,coin,/cache/hallc/c-rsidis/analysis/replays/pass0p1/coin_replay_production_24913_-1.root,1116631,1136988,20357,1,1136988,20357,1,1,DISCREPANCY
phase1,24914,PI+SIDIS,coin,/cache/hallc/c-rsidis/analysis/replays/pass0p1/coin_replay_production_24914_-1.root,442961,455797,12836,1,455797,12836,1,1,DISCREPANCY
phase1,24915,PI+SIDIS,coin,/cache/hallc/c-rsidis/analysis/replays/pass0p1/coin_replay_production_24915_-1.root,696331,711555,15224,1,711555,15224,1,1,DISCREPANCY
phase1,24916,PI+SIDIS,coin,/cache/hallc/c-rsidis/analysis/replays/pass0p1/coin_replay_production_24916_-1.root,1889508,1903085,13577,1,1903085,13577,1,1,DISCREPANCY
phase1,24917,PI+SIDIS,coin,/cache/hallc/c-rsidis/analysis/replays/pass0p1/coin_replay_production_24917_-1.root,63103,70442,7339,1,70442,7339,1,1,DISCREPANCY
phase1,24920,PI+SIDIS,coin,/cache/hallc/c-rsidis/analysis/replays/pass0p1/coin_replay_production_24920_-1.root,543229,563525,20296,1,563525,20296,1,1,DISCREPANCY
phase1,24921,PI+SIDIS,coin,/cache/hallc/c-rsidis/analysis/replays/pass0p1/coin_replay_production_24921_-1.root,157849,177057,19208,1,177057,19208,1,1,DISCREPANCY
phase1,24924,PI+SIDIS,coin,/cache/hallc/c-rsidis/analysis/replays/pass0p1/coin_replay_production_24924_-1.root,642039,664881,22842,1,664881,22842,1,1,DISCREPANCY
phase1,24927,PI+SIDIS,coin,/cache/hallc/c-rsidis/analysis/replays/pass0p1/coin_replay_production_24927_-1.root,478792,491186,12394,1,491186,12394,1,1,DISCREPANCY
phase1,24928,PI+SIDIS,coin,/cache/hallc/c-rsidis/analysis/replays/pass0p1/coin_replay_production_24928_-1.root,1360133,1379714,19581,1,1379714,19581,1,1,DISCREPANCY
phase1,24929,PI+SIDIS,coin,/cache/hallc/c-rsidis/analysis/replays/pass0p1/coin_replay_production_24929_-1.root,860299,872477,12178,1,872477,12178,1,1,DISCREPANCY
phase1,24930,PI+SIDIS,coin,/cache/hallc/c-rsidis/analysis/replays/pass0p1/coin_replay_production_24930_-1.root,356213,373487,17274,1,373487,17274,1,1,DISCREPANCY
phase1,24933,PI+SIDIS,coin,/cache/hallc/c-rsidis/analysis/replays/pass0p1/coin_replay_production_24933_-1.root,1210808,1230990,20182,1,1230990,20182,1,1,DISCREPANCY
phase1,24934,PI+SIDIS,coin,/cache/hallc/c-rsidis/analysis/replays/pass0p1/coin_replay_production_24934_-1.root,1090564,1110414,19850,1,1110414,19850,1,1,DISCREPANCY
phase1,24935,PI+SIDIS,coin,/cache/hallc/c-rsidis/analysis/replays/pass0p1/coin_replay_production_24935_-1.root,1075591,1094650,19059,1,1094650,19059,1,1,DISCREPANCY
phase1,24938,PI+SIDIS,coin,/cache/hallc/c-rsidis/analysis/replays/pass0p1/coin_replay_production_24938_-1.root,1175958,1194201,18243,1,1194201,18243,1,1,DISCREPANCY
phase1,24939,PI+SIDIS,coin,/cache/hallc/c-rsidis/analysis/replays/pass0p1/coin_replay_production_24939_-1.root,511351,520128,8777,1,520128,8777,1,1,DISCREPANCY
phase1,24943,PI+SIDIS,coin,/cache/hallc/c-rsidis/analysis/replays/pass0p1/coin_replay_production_24943_-1.root,1309679,1331765,22086,1,1331765,22086,1,1,DISCREPANCY
phase1,24944,PI+SIDIS,coin,/cache/hallc/c-rsidis/analysis/replays/pass0p1/coin_replay_production_24944_-1.root,1219598,1241277,21679,1,1241277,21679,1,1,DISCREPANCY
phase1,24945,PI+SIDIS,coin,/cache/hallc/c-rsidis/analysis/replays/pass0p1/coin_replay_production_24945_-1.root,851644,865778,14134,1,865778,14134,1,1,DISCREPANCY
phase1,24946,PI+SIDIS,coin,/cache/hallc/c-rsidis/analysis/replays/pass0p1/coin_replay_production_24946_-1.root,340893,359690,18797,1,359690,18797,1,1,DISCREPANCY
phase1,24947,PI+SIDIS,coin,/cache/hallc/c-rsidis/analysis/replays/pass0p1/coin_replay_production_24947_-1.root,327915,346863,18948,1,346863,18948,1,1,DISCREPANCY
phase1,24948,PI+SIDIS,coin,/cache/hallc/c-rsidis/analysis/replays/pass0p1/coin_replay_production_24948_-1.root,1245147,1270232,25085,1,1270232,25085,1,1,DISCREPANCY
phase1,24949,PI+SIDIS,coin,/cache/hallc/c-rsidis/analysis/replays/pass0p1/coin_replay_production_24949_-1.root,1130040,1148853,18813,1,1148853,18813,1,1,DISCREPANCY
phase1,24950,PI+SIDIS,coin,/cache/hallc/c-rsidis/analysis/replays/pass0p1/coin_replay_production_24950_-1.root,535900,554782,18882,1,554782,18882,1,1,DISCREPANCY
phase1,24951,PI+SIDIS,coin,/cache/hallc/c-rsidis/analysis/replays/pass0p1/coin_replay_production_24951_-1.root,182686,207672,24986,1,207672,24986,1,1,DISCREPANCY
phase1,24952,PI+SIDIS,coin,/cache/hallc/c-rsidis/analysis/replays/pass0p1/coin_replay_production_24952_-1.root,786713,816863,30150,1,816863,30150,1,1,DISCREPANCY
phase1,24953,PI+SIDIS,coin,/cache/hallc/c-rsidis/analysis/replays/pass0p1/coin_replay_production_24953_-1.root,1378383,1396304,17921,1,1396304,17921,1,1,DISCREPANCY
phase1,24954,PI+SIDIS,coin,/cache/hallc/c-rsidis/analysis/replays/pass0p1/coin_replay_production_24954_-1.root,1298321,1317536,19215,1,1317536,19215,1,1,DISCREPANCY
phase1,24955,PI+SIDIS,coin,/cache/hallc/c-rsidis/analysis/replays/pass0p1/coin_replay_production_24955_-1.root,347824,367327,19503,1,367327,19503,1,1,DISCREPANCY
phase1,24956,PI+SIDIS,coin,/cache/hallc/c-rsidis/analysis/replays/pass0p1/coin_replay_production_24956_-1.root,689499,708852,19353,1,708852,19353,1,1,DISCREPANCY
phase1,24957,PI+SIDIS,coin,/cache/hallc/c-rsidis/analysis/replays/pass0p1/coin_replay_production_24957_-1.root,611229,620818,9589,1,620818,9589,1,1,DISCREPANCY
phase1,24958,PI+SIDIS,coin,/cache/hallc/c-rsidis/analysis/replays/pass0p1/coin_replay_production_24958_-1.root,1151374,1168887,17513,1,1168887,17513,1,1,DISCREPANCY
phase1,24959,PI+SIDIS,coin,/cache/hallc/c-rsidis/analysis/replays/pass0p1/coin_replay_production_24959_-1.root,1190304,1209517,19213,1,1209517,19213,1,1,DISCREPANCY
phase1,24960,PI+SIDIS,coin,/cache/hallc/c-rsidis/analysis/replays/pass0p1/coin_replay_production_24960_-1.root,79079,94580,15501,1,94580,15501,1,1,DISCREPANCY
phase1,24961,PI+SIDIS,coin,/cache/hallc/c-rsidis/analysis/replays/pass0p1/coin_replay_production_24961_-1.root,456476,475835,19359,1,475835,19359,1,1,DISCREPANCY
phase1,24962,PI+SIDIS,coin,/cache/hallc/c-rsidis/analysis/replays/pass0p1/coin_replay_production_24962_-1.root,420794,439070,18276,1,439070,18276,1,1,DISCREPANCY
phase1,24964,PI+SIDIS,coin,/cache/hallc/c-rsidis/analysis/replays/pass0p1/coin_replay_production_24964_-1.root,449374,469687,20313,1,469687,20313,1,1,DISCREPANCY
phase1,24965,PI+SIDIS,coin,/cache/hallc/c-rsidis/analysis/replays/pass0p1/coin_replay_production_24965_-1.root,160999,186668,25669,1,186668,25669,1,1,DISCREPANCY
phase1,24966,PI+SIDIS,coin,/cache/hallc/c-rsidis/analysis/replays/pass0p1/coin_replay_production_24966_-1.root,130688,151092,20404,1,151092,20404,1,1,DISCREPANCY
phase1,24969,PI+SIDIS,coin,/cache/hallc/c-rsidis/analysis/replays/pass0p1/coin_replay_production_24969_-1.root,482028,499543,17515,1,499543,17515,1,1,DISCREPANCY
phase1,24970,PI+SIDIS,coin,/cache/hallc/c-rsidis/analysis/replays/pass0p1/coin_replay_production_24970_-1.root,535822,555093,19271,1,555093,19271,1,1,DISCREPANCY
phase1,24971,PI+SIDIS,coin,/cache/hallc/c-rsidis/analysis/replays/pass0p1/coin_replay_production_24971_-1.root,523468,542370,18902,1,542370,18902,1,1,DISCREPANCY
phase1,24972,PI+SIDIS,coin,/cache/hallc/c-rsidis/analysis/replays/pass0p1/coin_replay_production_24972_-1.root,1507626,1525380,17754,1,1525380,17754,1,1,DISCREPANCY
phase1,24974,PI+SIDIS,coin,/cache/hallc/c-rsidis/analysis/replays/pass0p1/coin_replay_production_24974_-1.root,156837,176979,20142,1,176979,20142,1,1,DISCREPANCY
phase1,24975,PI+SIDIS,coin,/cache/hallc/c-rsidis/analysis/replays/pass0p1/coin_replay_production_24975_-1.root,154350,177323,22973,1,177323,22973,1,1,DISCREPANCY
phase1,24981,PI+SIDIS,coin,/cache/hallc/c-rsidis/analysis/replays/pass0p1/coin_replay_production_24981_-1.root,378633,397714,19081,1,397714,19081,1,1,DISCREPANCY
phase1,24982,PI+SIDIS,coin,/cache/hallc/c-rsidis/analysis/replays/pass0p1/coin_replay_production_24982_-1.root,386126,404716,18590,1,404716,18590,1,1,DISCREPANCY
phase1,24985,PI+SIDIS,coin,/cache/hallc/c-rsidis/analysis/replays/pass0p1/coin_replay_production_24985_-1.root,615952,636155,20203,1,636155,20203,1,1,DISCREPANCY
phase1,24986,PI+SIDIS,coin,/cache/hallc/c-rsidis/analysis/replays/pass0p1/coin_replay_production_24986_-1.root,601583,621842,20259,1,621842,20259,1,1,DISCREPANCY
phase1,24987,PI+SIDIS,coin,/cache/hallc/c-rsidis/analysis/replays/pass0p1/coin_replay_production_24987_-1.root,555265,572465,17200,1,572465,17200,1,1,DISCREPANCY
phase1,24988,PI+SIDIS,coin,/cache/hallc/c-rsidis/analysis/replays/pass0p1/coin_replay_production_24988_-1.root,147759,165090,17331,1,165090,17331,1,1,DISCREPANCY
phase1,24991,PI+SIDIS,coin,/cache/hallc/c-rsidis/analysis/replays/pass0p1/coin_replay_production_24991_-1.root,547684,566325,18641,1,566325,18641,1,1,DISCREPANCY
phase1,24992,PI+SIDIS,coin,/cache/hallc/c-rsidis/analysis/replays/pass0p1/coin_replay_production_24992_-1.root,524544,544550,20006,1,544550,20006,1,1,DISCREPANCY
phase1,24994,PI+SIDIS,coin,/cache/hallc/c-rsidis/analysis/replays/pass0p1/coin_replay_production_24994_-1.root,571111,592100,20989,1,592100,20989,1,1,DISCREPANCY
phase1,24995,PI+SIDIS,coin,/cache/hallc/c-rsidis/analysis/replays/pass0p1/coin_replay_production_24995_-1.root,524204,542678,18474,1,542678,18474,1,1,DISCREPANCY
phase1,24998,PI+SIDIS,coin,/cache/hallc/c-rsidis/analysis/replays/pass0p1/coin_replay_production_24998_-1.root,478770,499231,20461,1,499231,20461,1,1,DISCREPANCY
phase1,24999,PI+SIDIS,coin,/cache/hallc/c-rsidis/analysis/replays/pass0p1/coin_replay_production_24999_-1.root,474675,496261,21586,1,496261,21586,1,1,DISCREPANCY
phase1,25000,PI+SIDIS,coin,/cache/hallc/c-rsidis/analysis/replays/pass0p1/coin_replay_production_25000_-1.root,137331,157622,20291,1,157622,20291,1,1,DISCREPANCY
phase1,25001,PI+SIDIS,coin,/cache/hallc/c-rsidis/analysis/replays/pass0p1/coin_replay_production_25001_-1.root,125729,145021,19292,1,145021,19292,1,1,DISCREPANCY
phase1,25002,PI+SIDIS,coin,/cache/hallc/c-rsidis/analysis/replays/pass0p1/coin_replay_production_25002_-1.root,153573,173607,20034,1,173607,20034,1,1,DISCREPANCY
phase1,25003,PI+SIDIS,coin,/cache/hallc/c-rsidis/analysis/replays/pass0p1/coin_replay_production_25003_-1.root,142855,160732,17877,1,160732,17877,1,1,DISCREPANCY
phase1,25004,PI+SIDIS,coin,/cache/hallc/c-rsidis/analysis/replays/pass0p1/coin_replay_production_25004_-1.root,398253,417845,19592,1,417845,19592,1,1,DISCREPANCY
phase1,25005,PI+SIDIS,coin,/cache/hallc/c-rsidis/analysis/replays/pass0p1/coin_replay_production_25005_-1.root,358625,375783,17158,1,375783,17158,1,1,DISCREPANCY
phase1,25006,PI+SIDIS,coin,/cache/hallc/c-rsidis/analysis/replays/pass0p1/coin_replay_production_25006_-1.root,528161,548150,19989,1,548150,19989,1,1,DISCREPANCY
phase1,25007,PI+SIDIS,coin,/cache/hallc/c-rsidis/analysis/replays/pass0p1/coin_replay_production_25007_-1.root,450514,468674,18160,1,468674,18160,1,1,DISCREPANCY
phase1,25008,PI+SIDIS,coin,/cache/hallc/c-rsidis/analysis/replays/pass0p1/coin_replay_production_25008_-1.root,59269,62373,3104,1,62373,3104,1,1,DISCREPANCY
phase1,25010,PI-SIDIS,coin,/cache/hallc/c-rsidis/analysis/replays/pass0p1/coin_replay_production_25010_-1.root,1507544,1525752,18208,1,1525752,18208,1,1,DISCREPANCY
phase1,25011,PI-SIDIS,coin,/cache/hallc/c-rsidis/analysis/replays/pass0p1/coin_replay_production_25011_-1.root,1558066,1575796,17730,1,1575796,17730,1,1,DISCREPANCY
phase1,25012,PI-SIDIS,coin,/cache/hallc/c-rsidis/analysis/replays/pass0p1/coin_replay_production_25012_-1.root,418669,437840,19171,1,437840,19171,1,1,DISCREPANCY
phase1,25016,PI-SIDIS,coin,/cache/hallc/c-rsidis/analysis/replays/pass0p1/coin_replay_production_25016_-1.root,678598,694651,16053,1,694651,16053,1,1,DISCREPANCY
phase1,25017,PI-SIDIS,coin,/cache/hallc/c-rsidis/analysis/replays/pass0p1/coin_replay_production_25017_-1.root,1430020,1454693,24673,1,1454693,24673,1,1,DISCREPANCY
phase1,25018,PI-SIDIS,coin,/cache/hallc/c-rsidis/analysis/replays/pass0p1/coin_replay_production_25018_-1.root,1726487,1735413,8926,1,1735413,8926,1,1,DISCREPANCY
phase1,25019,PI-SIDIS,coin,/cache/hallc/c-rsidis/analysis/replays/pass0p1/coin_replay_production_25019_-1.root,551935,570898,18963,1,570898,18963,1,1,DISCREPANCY
phase1,25020,PI-SIDIS,coin,/cache/hallc/c-rsidis/analysis/replays/pass0p1/coin_replay_production_25020_-1.root,165791,185059,19268,1,185059,19268,1,1,DISCREPANCY
phase1,25026,PI-SIDIS,coin,/cache/hallc/c-rsidis/analysis/replays/pass0p1/coin_replay_production_25026_-1.root,525321,544432,19111,1,544432,19111,1,1,DISCREPANCY
phase1,25027,PI-SIDIS,coin,/cache/hallc/c-rsidis/analysis/replays/pass0p1/coin_replay_production_25027_-1.root,492608,512212,19604,1,512212,19604,1,1,DISCREPANCY
phase1,25030,PI-SIDIS,coin,/cache/hallc/c-rsidis/analysis/replays/pass0p1/coin_replay_production_25030_-1.root,1491292,1511762,20470,1,1511762,20470,1,1,DISCREPANCY
phase1,25031,PI-SIDIS,coin,/cache/hallc/c-rsidis/analysis/replays/pass0p1/coin_replay_production_25031_-1.root,844229,857497,13268,1,857497,13268,1,1,DISCREPANCY
phase1,25034,PI-SIDIS,coin,/cache/hallc/c-rsidis/analysis/replays/pass0p1/coin_replay_production_25034_-1.root,735758,744625,8867,1,744625,8867,1,1,DISCREPANCY
phase1,25035,PI-SIDIS,coin,/cache/hallc/c-rsidis/analysis/replays/pass0p1/coin_replay_production_25035_-1.root,336794,357511,20717,1,357511,20717,1,1,DISCREPANCY
phase1,25038,PI-SIDIS,coin,/cache/hallc/c-rsidis/analysis/replays/pass0p1/coin_replay_production_25038_-1.root,1067615,1085303,17688,1,1085303,17688,1,1,DISCREPANCY
phase1,25041,PI-SIDIS,coin,/cache/hallc/c-rsidis/analysis/replays/pass0p1/coin_replay_production_25041_-1.root,1100033,1119349,19316,1,1119349,19316,1,1,DISCREPANCY
phase1,25044,PI-SIDIS,coin,/cache/hallc/c-rsidis/analysis/replays/pass0p1/coin_replay_production_25044_-1.root,1057364,1074769,17405,1,1074769,17405,1,1,DISCREPANCY
phase1,25045,PI-SIDIS,coin,/cache/hallc/c-rsidis/analysis/replays/pass0p1/coin_replay_production_25045_-1.root,1118420,1138549,20129,1,1138549,20129,1,1,DISCREPANCY
phase1,25046,PI-SIDIS,coin,/cache/hallc/c-rsidis/analysis/replays/pass0p1/coin_replay_production_25046_-1.root,309730,328797,19067,1,328797,19067,1,1,DISCREPANCY
phase1,25049,PI-SIDIS,coin,/cache/hallc/c-rsidis/analysis/replays/pass0p1/coin_replay_production_25049_-1.root,944296,963414,19118,1,963414,19118,1,1,DISCREPANCY
phase1,25050,PI-SIDIS,coin,/cache/hallc/c-rsidis/analysis/replays/pass0p1/coin_replay_production_25050_-1.root,1045507,1064461,18954,1,1064461,18954,1,1,DISCREPANCY
phase1,25051,PI-SIDIS,coin,/cache/hallc/c-rsidis/analysis/replays/pass0p1/coin_replay_production_25051_-1.root,1784106,1795692,11586,1,1795692,11586,1,1,DISCREPANCY
phase1,25052,PI-SIDIS,coin,/cache/hallc/c-rsidis/analysis/replays/pass0p1/coin_replay_production_25052_-1.root,431171,450003,18832,1,450003,18832,1,1,DISCREPANCY
phase1,25053,PI-SIDIS,coin,/cache/hallc/c-rsidis/analysis/replays/pass0p1/coin_replay_production_25053_-1.root,123902,142488,18586,1,142488,18586,1,1,DISCREPANCY
phase1,25056,PI-SIDIS,coin,/cache/hallc/c-rsidis/analysis/replays/pass0p1/coin_replay_production_25056_-1.root,730335,756228,25893,1,756228,25893,1,1,DISCREPANCY
phase1,25059,PI-SIDIS,coin,/cache/hallc/c-rsidis/analysis/replays/pass0p1/coin_replay_production_25059_-1.root,1063946,1081439,17493,1,1081439,17493,1,1,DISCREPANCY
phase1,25060,PI-SIDIS,coin,/cache/hallc/c-rsidis/analysis/replays/pass0p1/coin_replay_production_25060_-1.root,1054435,1073015,18580,1,1073015,18580,1,1,DISCREPANCY
phase1,25061,PI-SIDIS,coin,/cache/hallc/c-rsidis/analysis/replays/pass0p1/coin_replay_production_25061_-1.root,1166072,1196814,30742,1,1196814,30742,1,1,DISCREPANCY
phase1,25062,PI-SIDIS,coin,/cache/hallc/c-rsidis/analysis/replays/pass0p1/coin_replay_production_25062_-1.root,732127,749764,17637,1,749764,17637,1,1,DISCREPANCY
phase1,25063,PI-SIDIS,coin,/cache/hallc/c-rsidis/analysis/replays/pass0p1/coin_replay_production_25063_-1.root,379633,392866,13233,1,392866,13233,1,1,DISCREPANCY
phase1,25064,PI-SIDIS,coin,/cache/hallc/c-rsidis/analysis/replays/pass0p1/coin_replay_production_25064_-1.root,508302,520822,12520,1,520822,12520,1,1,DISCREPANCY
phase1,25065,PI-SIDIS,coin,/cache/hallc/c-rsidis/analysis/replays/pass0p1/coin_replay_production_25065_-1.root,1129426,1148666,19240,1,1148666,19240,1,1,DISCREPANCY
phase1,25066,PI-SIDIS,coin,/cache/hallc/c-rsidis/analysis/replays/pass0p1/coin_replay_production_25066_-1.root,1019166,1038901,19735,1,1038901,19735,1,1,DISCREPANCY
phase1,25067,PI-SIDIS,coin,/cache/hallc/c-rsidis/analysis/replays/pass0p1/coin_replay_production_25067_-1.root,1030519,1049114,18595,1,1049114,18595,1,1,DISCREPANCY
phase1,25068,PI-SIDIS,coin,/cache/hallc/c-rsidis/analysis/replays/pass0p1/coin_replay_production_25068_-1.root,326033,345866,19833,1,345866,19833,1,1,DISCREPANCY
phase1,25069,PI-SIDIS,coin,/cache/hallc/c-rsidis/analysis/replays/pass0p1/coin_replay_production_25069_-1.root,961218,980724,19506,1,980724,19506,1,1,DISCREPANCY
phase1,25070,PI-SIDIS,coin,/cache/hallc/c-rsidis/analysis/replays/pass0p1/coin_replay_production_25070_-1.root,900521,919438,18917,1,919438,18917,1,1,DISCREPANCY
phase1,25071,PI-SIDIS,coin,/cache/hallc/c-rsidis/analysis/replays/pass0p1/coin_replay_production_25071_-1.root,1054233,1073691,19458,1,1073691,19458,1,1,DISCREPANCY
phase1,25072,PI-SIDIS,coin,/cache/hallc/c-rsidis/analysis/replays/pass0p1/coin_replay_production_25072_-1.root,411476,427905,16429,1,427905,16429,1,1,DISCREPANCY
phase1,25073,PI-SIDIS,coin,/cache/hallc/c-rsidis/analysis/replays/pass0p1/coin_replay_production_25073_-1.root,130900,150191,19291,1,150191,19291,1,1,DISCREPANCY
phase1,25074,PI-SIDIS,coin,/cache/hallc/c-rsidis/analysis/replays/pass0p1/coin_replay_production_25074_-1.root,434701,450979,16278,1,450979,16278,1,1,DISCREPANCY
phase1,25076,PI-SIDIS,coin,/cache/hallc/c-rsidis/analysis/replays/pass0p1/coin_replay_production_25076_-1.root,355452,372915,17463,1,372915,17463,1,1,DISCREPANCY
phase1,25077,PI-SIDIS,coin,/cache/hallc/c-rsidis/analysis/replays/pass0p1/coin_replay_production_25077_-1.root,341528,359073,17545,1,359073,17545,1,1,DISCREPANCY
phase1,25078,PI-SIDIS,coin,/cache/hallc/c-rsidis/analysis/replays/pass0p1/coin_replay_production_25078_-1.root,372109,391037,18928,1,391037,18928,1,1,DISCREPANCY
phase1,25079,PI-SIDIS,coin,/cache/hallc/c-rsidis/analysis/replays/pass0p1/coin_replay_production_25079_-1.root,152557,170595,18038,1,170595,18038,1,1,DISCREPANCY
phase1,25080,PI-SIDIS,coin,/cache/hallc/c-rsidis/analysis/replays/pass0p1/coin_replay_production_25080_-1.root,153094,171490,18396,1,171490,18396,1,1,DISCREPANCY
phase1,25083,PI-SIDIS,coin,/cache/hallc/c-rsidis/analysis/replays/pass0p1/coin_replay_production_25083_-1.root,249007,265668,16661,1,265668,16661,1,1,DISCREPANCY
phase1,25084,PI-SIDIS,coin,/cache/hallc/c-rsidis/analysis/replays/pass0p1/coin_replay_production_25084_-1.root,514070,538590,24520,1,538590,24520,1,1,DISCREPANCY
phase1,25085,PI-SIDIS,coin,/cache/hallc/c-rsidis/analysis/replays/pass0p1/coin_replay_production_25085_-1.root,310679,325350,14671,1,325350,14671,1,1,DISCREPANCY
phase1,25086,PI-SIDIS,coin,/cache/hallc/c-rsidis/analysis/replays/pass0p1/coin_replay_production_25086_-1.root,1227496,1246796,19300,1,1246796,19300,1,1,DISCREPANCY
phase1,25087,PI-SIDIS,coin,/cache/hallc/c-rsidis/analysis/replays/pass0p1/coin_replay_production_25087_-1.root,97822,115549,17727,1,115549,17727,1,1,DISCREPANCY
phase1,25088,PI-SIDIS,coin,/cache/hallc/c-rsidis/analysis/replays/pass0p1/coin_replay_production_25088_-1.root,106475,124489,18014,1,124489,18014,1,1,DISCREPANCY
phase1,25091,PI-SIDIS,coin,/cache/hallc/c-rsidis/analysis/replays/pass0p1/coin_replay_production_25091_-1.root,48469,50665,2196,1,50665,2196,1,1,DISCREPANCY
phase1,25092,PI-SIDIS,coin,/cache/hallc/c-rsidis/analysis/replays/pass0p1/coin_replay_production_25092_-1.root,300804,325979,25175,1,325979,25175,1,1,DISCREPANCY
phase1,25093,PI-SIDIS,coin,/cache/hallc/c-rsidis/analysis/replays/pass0p1/coin_replay_production_25093_-1.root,322387,342040,19653,1,342040,19653,1,1,DISCREPANCY
phase1,25096,PI-SIDIS,coin,/cache/hallc/c-rsidis/analysis/replays/pass0p1/coin_replay_production_25096_-1.root,677055,695684,18629,1,695684,18629,1,1,DISCREPANCY
phase1,25097,PI-SIDIS,coin,/cache/hallc/c-rsidis/analysis/replays/pass0p1/coin_replay_production_25097_-1.root,665372,682741,17369,1,682741,17369,1,1,DISCREPANCY
phase1,25098,PI-SIDIS,coin,/cache/hallc/c-rsidis/analysis/replays/pass0p1/coin_replay_production_25098_-1.root,706658,726651,19993,1,726651,19993,1,1,DISCREPANCY
phase1,25099,PI-SIDIS,coin,/cache/hallc/c-rsidis/analysis/replays/pass0p1/coin_replay_production_25099_-1.root,190108,209012,18904,1,209012,18904,1,1,DISCREPANCY
phase1,25102,PI-SIDIS,coin,/cache/hallc/c-rsidis/analysis/replays/pass0p1/coin_replay_production_25102_-1.root,899792,925675,25883,1,925675,25883,1,1,DISCREPANCY
phase1,25103,PI-SIDIS,coin,/cache/hallc/c-rsidis/analysis/replays/pass0p1/coin_replay_production_25103_-1.root,666610,686405,19795,1,686405,19795,1,1,DISCREPANCY
phase1,25104,PI-SIDIS,coin,/cache/hallc/c-rsidis/analysis/replays/pass0p1/coin_replay_production_25104_-1.root,607157,628289,21132,1,628289,21132,1,1,DISCREPANCY
phase1,25105,PI-SIDIS,coin,/cache/hallc/c-rsidis/analysis/replays/pass0p1/coin_replay_production_25105_-1.root,648919,668183,19264,1,668183,19264,1,1,DISCREPANCY
phase1,25108,PI-SIDIS,coin,/cache/hallc/c-rsidis/analysis/replays/pass0p1/coin_replay_production_25108_-1.root,542240,560186,17946,1,560186,17946,1,1,DISCREPANCY
phase1,25109,PI-SIDIS,coin,/cache/hallc/c-rsidis/analysis/replays/pass0p1/coin_replay_production_25109_-1.root,567851,587145,19294,1,587145,19294,1,1,DISCREPANCY
phase1,25110,PI-SIDIS,coin,/cache/hallc/c-rsidis/analysis/replays/pass0p1/coin_replay_production_25110_-1.root,578269,596980,18711,1,596980,18711,1,1,DISCREPANCY
phase1,25111,PI-SIDIS,coin,/cache/hallc/c-rsidis/analysis/replays/pass0p1/coin_replay_production_25111_-1.root,220067,238022,17955,1,238022,17955,1,1,DISCREPANCY
phase1,25112,PI-SIDIS,coin,/cache/hallc/c-rsidis/analysis/replays/pass0p1/coin_replay_production_25112_-1.root,216621,234861,18240,1,234861,18240,1,1,DISCREPANCY
phase1,25114,PI-SIDIS,coin,/cache/hallc/c-rsidis/analysis/replays/pass0p1/coin_replay_production_25114_-1.root,713855,733844,19989,1,733844,19989,1,1,DISCREPANCY
phase1,25115,PI-SIDIS,coin,/cache/hallc/c-rsidis/analysis/replays/pass0p1/coin_replay_production_25115_-1.root,719970,738687,18717,1,738687,18717,1,1,DISCREPANCY
phase1,25116,PI-SIDIS,coin,/cache/hallc/c-rsidis/analysis/replays/pass0p1/coin_replay_production_25116_-1.root,692647,712484,19837,1,712484,19837,1,1,DISCREPANCY
phase1,25117,PI-SIDIS,coin,/cache/hallc/c-rsidis/analysis/replays/pass0p1/coin_replay_production_25117_-1.root,170136,189444,19308,1,189444,19308,1,1,DISCREPANCY
phase1,25119,PI-SIDIS,coin,/cache/hallc/c-rsidis/analysis/replays/pass0p1/coin_replay_production_25119_-1.root,188907,210959,22052,1,210959,22052,1,1,DISCREPANCY
phase1,25120,PI-SIDIS,coin,/cache/hallc/c-rsidis/analysis/replays/pass0p1/coin_replay_production_25120_-1.root,316234,334317,18083,1,334317,18083,1,1,DISCREPANCY
phase1,25121,PI-SIDIS,coin,/cache/hallc/c-rsidis/analysis/replays/pass0p1/coin_replay_production_25121_-1.root,334266,353916,19650,1,353916,19650,1,1,DISCREPANCY
phase1,25122,PI-SIDIS,coin,/cache/hallc/c-rsidis/analysis/replays/pass0p1/coin_replay_production_25122_-1.root,471490,488291,16801,1,488291,16801,1,1,DISCREPANCY
phase1,25123,PI-SIDIS,coin,/cache/hallc/c-rsidis/analysis/replays/pass0p1/coin_replay_production_25123_-1.root,495044,513249,18205,1,513249,18205,1,1,DISCREPANCY
phase1,25124,PI-SIDIS,coin,/cache/hallc/c-rsidis/analysis/replays/pass0p1/coin_replay_production_25124_-1.root,221250,239247,17997,1,239247,17997,1,1,DISCREPANCY
phase1,25126,PI-SIDIS,coin,/cache/hallc/c-rsidis/analysis/replays/pass0p1/coin_replay_production_25126_-1.root,13393,16486,3093,1,16486,3093,1,1,DISCREPANCY
phase1,25127,PI-SIDIS,coin,/cache/hallc/c-rsidis/analysis/replays/pass0p1/coin_replay_production_25127_-1.root,204969,222436,17467,1,222436,17467,1,1,DISCREPANCY
phase1,25128,PI-SIDIS,coin,/cache/hallc/c-rsidis/analysis/replays/pass0p1/coin_replay_production_25128_-1.root,197601,214772,17171,1,214772,17171,1,1,DISCREPANCY
phase1,25129,PI-SIDIS,coin,/cache/hallc/c-rsidis/analysis/replays/pass0p1/coin_replay_production_25129_-1.root,669735,687454,17719,1,687454,17719,1,1,DISCREPANCY
phase1,25130,PI-SIDIS,coin,/cache/hallc/c-rsidis/analysis/replays/pass0p1/coin_replay_production_25130_-1.root,16711,18171,1460,1,18171,1460,1,1,DISCREPANCY
phase1,25131,PI-SIDIS,coin,/cache/hallc/c-rsidis/analysis/replays/pass0p1/coin_replay_production_25131_-1.root,85241,103378,18137,1,103378,18137,1,1,DISCREPANCY
phase1,25134,PI-SIDIS,coin,/cache/hallc/c-rsidis/analysis/replays/pass0p1/coin_replay_production_25134_-1.root,110011,127100,17089,1,127100,17089,1,1,DISCREPANCY
phase1,25135,PI-SIDIS,coin,/cache/hallc/c-rsidis/analysis/replays/pass0p1/coin_replay_production_25135_-1.root,116505,133643,17138,1,133643,17138,1,1,DISCREPANCY
phase1,25138,PI-SIDIS,coin,/cache/hallc/c-rsidis/analysis/replays/pass0p1/coin_replay_production_25138_-1.root,1128214,1149451,21237,1,1149451,21237,1,1,DISCREPANCY
phase1,25139,PI-SIDIS,coin,/cache/hallc/c-rsidis/analysis/replays/pass0p1/coin_replay_production_25139_-1.root,1449064,1466499,17435,1,1466499,17435,1,1,DISCREPANCY
phase1,25140,PI-SIDIS,coin,/cache/hallc/c-rsidis/analysis/replays/pass0p1/coin_replay_production_25140_-1.root,1544625,1562116,17491,1,1562116,17491,1,1,DISCREPANCY
phase1,25141,PI-SIDIS,coin,/cache/hallc/c-rsidis/analysis/replays/pass0p1/coin_replay_production_25141_-1.root,522277,540280,18003,1,540280,18003,1,1,DISCREPANCY
phase1,25146,PI-SIDIS,coin,/cache/hallc/c-rsidis/analysis/replays/pass0p1/coin_replay_production_25146_-1.root,375825,397005,21180,1,397005,21180,1,1,DISCREPANCY
phase1,25147,PI-SIDIS,coin,/cache/hallc/c-rsidis/analysis/replays/pass0p1/coin_replay_production_25147_-1.root,98397,109546,11149,1,109546,11149,1,1,DISCREPANCY
phase1,25148,PI-SIDIS,coin,/cache/hallc/c-rsidis/analysis/replays/pass0p1/coin_replay_production_25148_-1.root,315422,332786,17364,1,332786,17364,1,1,DISCREPANCY
phase1,25149,PI-SIDIS,coin,/cache/hallc/c-rsidis/analysis/replays/pass0p1/coin_replay_production_25149_-1.root,303181,326812,23631,1,326812,23631,1,1,DISCREPANCY
phase1,25150,PI-SIDIS,coin,/cache/hallc/c-rsidis/analysis/replays/pass0p1/coin_replay_production_25150_-1.root,1258999,1279457,20458,1,1279457,20458,1,1,DISCREPANCY
phase1,25151,PI-SIDIS,coin,/cache/hallc/c-rsidis/analysis/replays/pass0p1/coin_replay_production_25151_-1.root,142600,160862,18262,1,160862,18262,1,1,DISCREPANCY
phase1,25154,PI-SIDIS,coin,/cache/hallc/c-rsidis/analysis/replays/pass0p1/coin_replay_production_25154_-1.root,181254,199779,18525,1,199779,18525,1,1,DISCREPANCY
phase1,25157,PI-SIDIS,coin,/cache/hallc/c-rsidis/analysis/replays/pass0p1/coin_replay_production_25157_-1.root,231307,244128,12821,1,244128,12821,1,1,DISCREPANCY
phase1,25158,PI-SIDIS,coin,/cache/hallc/c-rsidis/analysis/replays/pass0p1/coin_replay_production_25158_-1.root,391592,404825,13233,1,404825,13233,1,1,DISCREPANCY
phase1,25162,PI-SIDIS,coin,/cache/hallc/c-rsidis/analysis/replays/pass0p1/coin_replay_production_25162_-1.root,697695,716061,18366,1,716061,18366,1,1,DISCREPANCY
phase1,25163,PI-SIDIS,coin,/cache/hallc/c-rsidis/analysis/replays/pass0p1/coin_replay_production_25163_-1.root,450734,471403,20669,1,471403,20669,1,1,DISCREPANCY
phase1,25164,PI-SIDIS,coin,/cache/hallc/c-rsidis/analysis/replays/pass0p1/coin_replay_production_25164_-1.root,453450,475824,22374,1,475824,22374,1,1,DISCREPANCY
phase1,25165,PI-SIDIS,coin,/cache/hallc/c-rsidis/analysis/replays/pass0p1/coin_replay_production_25165_-1.root,515111,540889,25778,1,540889,25778,1,1,DISCREPANCY
phase1,25166,PI-SIDIS,coin,/cache/hallc/c-rsidis/analysis/replays/pass0p1/coin_replay_production_25166_-1.root,442486,462951,20465,1,462951,20465,1,1,DISCREPANCY
phase1,25167,PI-SIDIS,coin,/cache/hallc/c-rsidis/analysis/replays/pass0p1/coin_replay_production_25167_-1.root,370555,388862,18307,1,388862,18307,1,1,DISCREPANCY
phase1,25168,PI-SIDIS,coin,/cache/hallc/c-rsidis/analysis/replays/pass0p1/coin_replay_production_25168_-1.root,426953,446992,20039,1,446992,20039,1,1,DISCREPANCY
phase1,25169,PI-SIDIS,coin,/cache/hallc/c-rsidis/analysis/replays/pass0p1/coin_replay_production_25169_-1.root,358229,377129,18900,1,377129,18900,1,1,DISCREPANCY
phase1,25170,PI-SIDIS,coin,/cache/hallc/c-rsidis/analysis/replays/pass0p1/coin_replay_production_25170_-1.root,143349,162535,19186,1,162535,19186,1,1,DISCREPANCY
phase1,25171,PI-SIDIS,coin,/cache/hallc/c-rsidis/analysis/replays/pass0p1/coin_replay_production_25171_-1.root,167588,186419,18831,1,186419,18831,1,1,DISCREPANCY
phase1,25181,PI-SIDIS,coin,/cache/hallc/c-rsidis/analysis/replays/pass0p1/coin_replay_production_25181_-1.root,861143,879919,18776,1,879919,18776,1,1,DISCREPANCY
phase1,25182,PI-SIDIS,coin,/cache/hallc/c-rsidis/analysis/replays/pass0p1/coin_replay_production_25182_-1.root,714674,732068,17394,1,732068,17394,1,1,DISCREPANCY
phase1,25183,PI-SIDIS,coin,/cache/hallc/c-rsidis/analysis/replays/pass0p1/coin_replay_production_25183_-1.root,1864775,1879893,15118,1,1879893,15118,1,1,DISCREPANCY
phase1,25184,PI-SIDIS,coin,/cache/hallc/c-rsidis/analysis/replays/pass0p1/coin_replay_production_25184_-1.root,742726,760579,17853,1,760579,17853,1,1,DISCREPANCY
phase1,25185,PI-SIDIS,coin,/cache/hallc/c-rsidis/analysis/replays/pass0p1/coin_replay_production_25185_-1.root,247699,265568,17869,1,265568,17869,1,1,DISCREPANCY
phase1,25187,PI-SIDIS,coin,/cache/hallc/c-rsidis/analysis/replays/pass0p1/coin_replay_production_25187_-1.root,250885,268492,17607,1,268492,17607,1,1,DISCREPANCY
phase1,25189,PI-SIDIS,coin,/cache/hallc/c-rsidis/analysis/replays/pass0p1/coin_replay_production_25189_-1.root,371706,389540,17834,1,389540,17834,1,1,DISCREPANCY
phase1,25190,PI-SIDIS,coin,/cache/hallc/c-rsidis/analysis/replays/pass0p1/coin_replay_production_25190_-1.root,360651,378416,17765,1,378416,17765,1,1,DISCREPANCY
phase1,25192,PI-SIDIS,coin,/cache/hallc/c-rsidis/analysis/replays/pass0p1/coin_replay_production_25192_-1.root,1397051,1414756,17705,1,1414756,17705,1,1,DISCREPANCY
phase1,25193,PI-SIDIS,coin,/cache/hallc/c-rsidis/analysis/replays/pass0p1/coin_replay_production_25193_-1.root,1183652,1201358,17706,1,1201358,17706,1,1,DISCREPANCY
phase1,25194,PI-SIDIS,coin,/cache/hallc/c-rsidis/analysis/replays/pass0p1/coin_replay_production_25194_-1.root,1365829,1383440,17611,1,1383440,17611,1,1,DISCREPANCY
phase1,25195,PI-SIDIS,coin,/cache/hallc/c-rsidis/analysis/replays/pass0p1/coin_replay_production_25195_-1.root,973783,992116,18333,1,992116,18333,1,1,DISCREPANCY
phase1,25196,PI-SIDIS,coin,/cache/hallc/c-rsidis/analysis/replays/pass0p1/coin_replay_production_25196_-1.root,796924,814826,17902,1,814826,17902,1,1,DISCREPANCY
phase1,25197,PI-SIDIS,coin,/cache/hallc/c-rsidis/analysis/replays/pass0p1/coin_replay_production_25197_-1.root,870613,890756,20143,1,890756,20143,1,1,DISCREPANCY
phase1,25198,PI-SIDIS,coin,/cache/hallc/c-rsidis/analysis/replays/pass0p1/coin_replay_production_25198_-1.root,956438,976311,19873,1,976311,19873,1,1,DISCREPANCY
phase1,25200,PI-SIDIS,coin,/cache/hallc/c-rsidis/analysis/replays/pass0p1/coin_replay_production_25200_-1.root,1458945,1476864,17919,1,1476864,17919,1,1,DISCREPANCY
phase1,25201,PI-SIDIS,coin,/cache/hallc/c-rsidis/analysis/replays/pass0p1/coin_replay_production_25201_-1.root,1681563,1702603,21040,1,1702603,21040,1,1,DISCREPANCY
phase1,25202,PI-SIDIS,coin,/cache/hallc/c-rsidis/analysis/replays/pass0p1/coin_replay_production_25202_-1.root,437110,454835,17725,1,454835,17725,1,1,DISCREPANCY
phase1,25203,PI-SIDIS,coin,/cache/hallc/c-rsidis/analysis/replays/pass0p1/coin_replay_production_25203_-1.root,1024410,1052058,27648,1,1052058,27648,1,1,DISCREPANCY
phase1,25204,PI-SIDIS,coin,/cache/hallc/c-rsidis/analysis/replays/pass0p1/coin_replay_production_25204_-1.root,237320,258748,21428,1,258748,21428,1,1,DISCREPANCY
phase1,25205,PI-SIDIS,coin,/cache/hallc/c-rsidis/analysis/replays/pass0p1/coin_replay_production_25205_-1.root,795219,813960,18741,1,813960,18741,1,1,DISCREPANCY
phase1,25206,PI-SIDIS,coin,/cache/hallc/c-rsidis/analysis/replays/pass0p1/coin_replay_production_25206_-1.root,786917,806983,20066,1,806983,20066,1,1,DISCREPANCY
phase1,25207,PI-SIDIS,coin,/cache/hallc/c-rsidis/analysis/replays/pass0p1/coin_replay_production_25207_-1.root,853470,877695,24225,1,877695,24225,1,1,DISCREPANCY
phase1,25208,PI-SIDIS,coin,/cache/hallc/c-rsidis/analysis/replays/pass0p1/coin_replay_production_25208_-1.root,1904737,1919058,14321,1,1919058,14321,1,1,DISCREPANCY
phase1,25210,PI-SIDIS,coin,/cache/hallc/c-rsidis/analysis/replays/pass0p1/coin_replay_production_25210_-1.root,219904,240014,20110,1,240014,20110,1,1,DISCREPANCY
phase1,25211,PI-SIDIS,coin,/cache/hallc/c-rsidis/analysis/replays/pass0p1/coin_replay_production_25211_-1.root,220587,239145,18558,1,239145,18558,1,1,DISCREPANCY
phase1,25214,PI-SIDIS,coin,/cache/hallc/c-rsidis/analysis/replays/pass0p1/coin_replay_production_25214_-1.root,725692,744485,18793,1,744485,18793,1,1,DISCREPANCY
phase1,25217,PI-SIDIS,coin,/cache/hallc/c-rsidis/analysis/replays/pass0p1/coin_replay_production_25217_-1.root,797755,815238,17483,1,815238,17483,1,1,DISCREPANCY
phase1,25218,PI-SIDIS,coin,/cache/hallc/c-rsidis/analysis/replays/pass0p1/coin_replay_production_25218_-1.root,877054,898415,21361,1,898415,21361,1,1,DISCREPANCY
phase1,25219,PI-SIDIS,coin,/cache/hallc/c-rsidis/analysis/replays/pass0p1/coin_replay_production_25219_-1.root,906789,927161,20372,1,927161,20372,1,1,DISCREPANCY
phase1,25220,PI-SIDIS,coin,/cache/hallc/c-rsidis/analysis/replays/pass0p1/coin_replay_production_25220_-1.root,237737,257935,20198,1,257935,20198,1,1,DISCREPANCY
phase1,25221,PI-SIDIS,coin,/cache/hallc/c-rsidis/analysis/replays/pass0p1/coin_replay_production_25221_-1.root,217429,236034,18605,1,236034,18605,1,1,DISCREPANCY
phase1,25222,PI-SIDIS,coin,/cache/hallc/c-rsidis/analysis/replays/pass0p1/coin_replay_production_25222_-1.root,808033,826971,18938,1,826971,18938,1,1,DISCREPANCY
phase1,25227,PI+SIDIS,coin,/cache/hallc/c-rsidis/analysis/replays/pass0p1/coin_replay_production_25227_-1.root,796246,814910,18664,1,814910,18664,1,1,DISCREPANCY
phase1,25228,PI+SIDIS,coin,/cache/hallc/c-rsidis/analysis/replays/pass0p1/coin_replay_production_25228_-1.root,657288,675490,18202,1,675490,18202,1,1,DISCREPANCY
phase1,25229,PI+SIDIS,coin,/cache/hallc/c-rsidis/analysis/replays/pass0p1/coin_replay_production_25229_-1.root,192568,210273,17705,1,210273,17705,1,1,DISCREPANCY
phase1,25230,PI+SIDIS,coin,/cache/hallc/c-rsidis/analysis/replays/pass0p1/coin_replay_production_25230_-1.root,163205,181064,17859,1,181064,17859,1,1,DISCREPANCY
phase1,25233,PI+SIDIS,coin,/cache/hallc/c-rsidis/analysis/replays/pass0p1/coin_replay_production_25233_-1.root,189903,207694,17791,1,207694,17791,1,1,DISCREPANCY
phase1,25234,PI+SIDIS,coin,/cache/hallc/c-rsidis/analysis/replays/pass0p1/coin_replay_production_25234_-1.root,202181,220401,18220,1,220401,18220,1,1,DISCREPANCY
phase1,25235,PI+SIDIS,coin,/cache/hallc/c-rsidis/analysis/replays/pass0p1/coin_replay_production_25235_-1.root,512340,529988,17648,1,529988,17648,1,1,DISCREPANCY
phase1,25236,PI+SIDIS,coin,/cache/hallc/c-rsidis/analysis/replays/pass0p1/coin_replay_production_25236_-1.root,71140,88874,17734,1,88874,17734,1,1,DISCREPANCY
phase1,25237,PI+SIDIS,coin,/cache/hallc/c-rsidis/analysis/replays/pass0p1/coin_replay_production_25237_-1.root,72397,90344,17947,1,90344,17947,1,1,DISCREPANCY
phase1,25240,PI+SIDIS,coin,/cache/hallc/c-rsidis/analysis/replays/pass0p1/coin_replay_production_25240_-1.root,78144,95872,17728,1,95872,17728,1,1,DISCREPANCY
phase1,25241,PI+SIDIS,coin,/cache/hallc/c-rsidis/analysis/replays/pass0p1/coin_replay_production_25241_-1.root,75899,94030,18131,1,94030,18131,1,1,DISCREPANCY
phase1,25247,PI+SIDIS,coin,/cache/hallc/c-rsidis/analysis/replays/pass0p1/coin_replay_production_25247_-1.root,319711,340224,20513,1,340224,20513,1,1,DISCREPANCY
phase1,25248,PI+SIDIS,coin,/cache/hallc/c-rsidis/analysis/replays/pass0p1/coin_replay_production_25248_-1.root,316059,340091,24032,1,340091,24032,1,1,DISCREPANCY
phase1,25249,PI+SIDIS,coin,/cache/hallc/c-rsidis/analysis/replays/pass0p1/coin_replay_production_25249_-1.root,91772,109624,17852,1,109624,17852,1,1,DISCREPANCY
phase1,25251,PI+SIDIS,coin,/cache/hallc/c-rsidis/analysis/replays/pass0p1/coin_replay_production_25251_-1.root,206620,228385,21765,1,228385,21765,1,1,DISCREPANCY
phase1,25252,PI+SIDIS,coin,/cache/hallc/c-rsidis/analysis/replays/pass0p1/coin_replay_production_25252_-1.root,206045,223897,17852,1,223897,17852,1,1,DISCREPANCY
phase1,25255,PI+SIDIS,coin,/cache/hallc/c-rsidis/analysis/replays/pass0p1/coin_replay_production_25255_-1.root,1813306,1828333,15027,1,1828333,15027,1,1,DISCREPANCY
phase1,25256,PI+SIDIS,coin,/cache/hallc/c-rsidis/analysis/replays/pass0p1/coin_replay_production_25256_-1.root,1320165,1336991,16826,1,1336991,16826,1,1,DISCREPANCY
phase1,25257,PI+SIDIS,coin,/cache/hallc/c-rsidis/analysis/replays/pass0p1/coin_replay_production_25257_-1.root,1097176,1105900,8724,1,1105900,8724,1,1,DISCREPANCY
phase1,25258,PI+SIDIS,coin,/cache/hallc/c-rsidis/analysis/replays/pass0p1/coin_replay_production_25258_-1.root,798260,837964,39704,1,837964,39704,1,1,DISCREPANCY
phase1,25259,PI+SIDIS,coin,/cache/hallc/c-rsidis/analysis/replays/pass0p1/coin_replay_production_25259_-1.root,751268,770176,18908,1,770176,18908,1,1,DISCREPANCY
phase1,25262,PI+SIDIS,coin,/cache/hallc/c-rsidis/analysis/replays/pass0p1/coin_replay_production_25262_-1.root,834786,856657,21871,1,856657,21871,1,1,DISCREPANCY
phase1,25263,PI+SIDIS,coin,/cache/hallc/c-rsidis/analysis/replays/pass0p1/coin_replay_production_25263_-1.root,878232,899214,20982,1,899214,20982,1,1,DISCREPANCY
phase1,25264,PI+SIDIS,coin,/cache/hallc/c-rsidis/analysis/replays/pass0p1/coin_replay_production_25264_-1.root,1996137,2013631,17494,1,2013631,17494,1,1,DISCREPANCY
phase1,25265,PI+SIDIS,coin,/cache/hallc/c-rsidis/analysis/replays/pass0p1/coin_replay_production_25265_-1.root,274667,293901,19234,1,293901,19234,1,1,DISCREPANCY
phase1,25266,PI+SIDIS,coin,/cache/hallc/c-rsidis/analysis/replays/pass0p1/coin_replay_production_25266_-1.root,271359,291143,19784,1,291143,19784,1,1,DISCREPANCY
phase1,25269,PI+SIDIS,coin,/cache/hallc/c-rsidis/analysis/replays/pass0p1/coin_replay_production_25269_-1.root,240591,258763,18172,1,258763,18172,1,1,DISCREPANCY
phase1,25272,PI+SIDIS,coin,/cache/hallc/c-rsidis/analysis/replays/pass0p1/coin_replay_production_25272_-1.root,1072180,1089735,17555,1,1089735,17555,1,1,DISCREPANCY
phase1,25273,PI+SIDIS,coin,/cache/hallc/c-rsidis/analysis/replays/pass0p1/coin_replay_production_25273_-1.root,1142065,1159683,17618,1,1159683,17618,1,1,DISCREPANCY
phase1,25275,PI+SIDIS,coin,/cache/hallc/c-rsidis/analysis/replays/pass0p1/coin_replay_production_25275_-1.root,779259,797048,17789,1,797048,17789,1,1,DISCREPANCY
phase1,25276,PI+SIDIS,coin,/cache/hallc/c-rsidis/analysis/replays/pass0p1/coin_replay_production_25276_-1.root,767679,785287,17608,1,785287,17608,1,1,DISCREPANCY
phase1,25277,PI+SIDIS,coin,/cache/hallc/c-rsidis/analysis/replays/pass0p1/coin_replay_production_25277_-1.root,744009,761778,17769,1,761778,17769,1,1,DISCREPANCY
phase1,25279,PI+SIDIS,coin,/cache/hallc/c-rsidis/analysis/replays/pass0p1/coin_replay_production_25279_-1.root,247583,265082,17499,1,265082,17499,1,1,DISCREPANCY
phase1,25280,PI+SIDIS,coin,/cache/hallc/c-rsidis/analysis/replays/pass0p1/coin_replay_production_25280_-1.root,1120371,1137539,17168,1,1137539,17168,1,1,DISCREPANCY
phase1,25281,PI+SIDIS,coin,/cache/hallc/c-rsidis/analysis/replays/pass0p1/coin_replay_production_25281_-1.root,1128746,1145745,16999,1,1145745,16999,1,1,DISCREPANCY
phase1,25282,PI+SIDIS,coin,/cache/hallc/c-rsidis/analysis/replays/pass0p1/coin_replay_production_25282_-1.root,304370,321751,17381,1,321751,17381,1,1,DISCREPANCY
phase1,25283,PI+SIDIS,coin,/cache/hallc/c-rsidis/analysis/replays/pass0p1/coin_replay_production_25283_-1.root,329421,347009,17588,1,347009,17588,1,1,DISCREPANCY
phase1,25286,PI+SIDIS,coin,/cache/hallc/c-rsidis/analysis/replays/pass0p1/coin_replay_production_25286_-1.root,1122530,1139595,17065,1,1139595,17065,1,1,DISCREPANCY
phase1,25287,PI+SIDIS,coin,/cache/hallc/c-rsidis/analysis/replays/pass0p1/coin_replay_production_25287_-1.root,986931,1004223,17292,1,1004223,17292,1,1,DISCREPANCY
phase1,25288,PI+SIDIS,coin,/cache/hallc/c-rsidis/analysis/replays/pass0p1/coin_replay_production_25288_-1.root,1916947,1928853,11906,1,1928853,11906,1,1,DISCREPANCY
phase1,25289,PI+SIDIS,coin,/cache/hallc/c-rsidis/analysis/replays/pass0p1/coin_replay_production_25289_-1.root,346057,363296,17239,1,363296,17239,1,1,DISCREPANCY
phase1,25290,PI+SIDIS,coin,/cache/hallc/c-rsidis/analysis/replays/pass0p1/coin_replay_production_25290_-1.root,326451,343574,17123,1,343574,17123,1,1,DISCREPANCY
phase1,25293,PI+SIDIS,coin,/cache/hallc/c-rsidis/analysis/replays/pass0p1/coin_replay_production_25293_-1.root,555306,572508,17202,1,572508,17202,1,1,DISCREPANCY
phase1,25295,PI+SIDIS,coin,/cache/hallc/c-rsidis/analysis/replays/pass0p1/coin_replay_production_25295_-1.root,1395090,1413657,18567,1,1413657,18567,1,1,DISCREPANCY
phase1,25296,PI+SIDIS,coin,/cache/hallc/c-rsidis/analysis/replays/pass0p1/coin_replay_production_25296_-1.root,1264801,1281711,16910,1,1281711,16910,1,1,DISCREPANCY
phase1,25298,PI+SIDIS,coin,/cache/hallc/c-rsidis/analysis/replays/pass0p1/coin_replay_production_25298_-1.root,1265649,1283179,17530,1,1283179,17530,1,1,DISCREPANCY
phase1,25299,PI+SIDIS,coin,/cache/hallc/c-rsidis/analysis/replays/pass0p1/coin_replay_production_25299_-1.root,354294,362643,8349,1,362643,8349,1,1,DISCREPANCY
phase1,25300,PI+SIDIS,coin,/cache/hallc/c-rsidis/analysis/replays/pass0p1/coin_replay_production_25300_-1.root,1426284,1443949,17665,1,1443949,17665,1,1,DISCREPANCY
phase1,25301,PI+SIDIS,coin,/cache/hallc/c-rsidis/analysis/replays/pass0p1/coin_replay_production_25301_-1.root,974090,988018,13928,1,988018,13928,1,1,DISCREPANCY
phase1,25303,PI+SIDIS,coin,/cache/hallc/c-rsidis/analysis/replays/pass0p1/coin_replay_production_25303_-1.root,172257,187652,15395,1,187652,15395,1,1,DISCREPANCY
phase1,25305,PI+SIDIS,coin,/cache/hallc/c-rsidis/analysis/replays/pass0p1/coin_replay_production_25305_-1.root,273074,297679,24605,1,297679,24605,1,1,DISCREPANCY
phase1,25306,PI+SIDIS,coin,/cache/hallc/c-rsidis/analysis/replays/pass0p1/coin_replay_production_25306_-1.root,134514,147734,13220,1,147734,13220,1,1,DISCREPANCY
phase1,25309,PI+SIDIS,coin,/cache/hallc/c-rsidis/analysis/replays/pass0p1/coin_replay_production_25309_-1.root,1087962,1105715,17753,1,1105715,17753,1,1,DISCREPANCY
phase1,25310,PI+SIDIS,coin,/cache/hallc/c-rsidis/analysis/replays/pass0p1/coin_replay_production_25310_-1.root,294846,308396,13550,1,308396,13550,1,1,DISCREPANCY
phase1,25311,PI+SIDIS,coin,/cache/hallc/c-rsidis/analysis/replays/pass0p1/coin_replay_production_25311_-1.root,728945,741397,12452,1,741397,12452,1,1,DISCREPANCY
phase1,25312,PI+SIDIS,coin,/cache/hallc/c-rsidis/analysis/replays/pass0p1/coin_replay_production_25312_-1.root,322262,340084,17822,1,340084,17822,1,1,DISCREPANCY
phase1,25313,PI+SIDIS,coin,/cache/hallc/c-rsidis/analysis/replays/pass0p1/coin_replay_production_25313_-1.root,327677,345173,17496,1,345173,17496,1,1,DISCREPANCY
phase1,25314,PI+SIDIS,coin,/cache/hallc/c-rsidis/analysis/replays/pass0p1/coin_replay_production_25314_-1.root,467711,476268,8557,1,476268,8557,1,1,DISCREPANCY
phase1,25315,PI+SIDIS,coin,/cache/hallc/c-rsidis/analysis/replays/pass0p1/coin_replay_production_25315_-1.root,975791,993347,17556,1,993347,17556,1,1,DISCREPANCY
phase1,25316,PI+SIDIS,coin,/cache/hallc/c-rsidis/analysis/replays/pass0p1/coin_replay_production_25316_-1.root,296436,314021,17585,1,314021,17585,1,1,DISCREPANCY
phase1,25317,PI+SIDIS,coin,/cache/hallc/c-rsidis/analysis/replays/pass0p1/coin_replay_production_25317_-1.root,548888,566591,17703,1,566591,17703,1,1,DISCREPANCY
phase1,25318,PI+SIDIS,coin,/cache/hallc/c-rsidis/analysis/replays/pass0p1/coin_replay_production_25318_-1.root,511387,528741,17354,1,528741,17354,1,1,DISCREPANCY
phase1,25319,PI+SIDIS,coin,/cache/hallc/c-rsidis/analysis/replays/pass0p1/coin_replay_production_25319_-1.root,503176,520518,17342,1,520518,17342,1,1,DISCREPANCY
phase1,25320,PI+SIDIS,coin,/cache/hallc/c-rsidis/analysis/replays/pass0p1/coin_replay_production_25320_-1.root,161499,172244,10745,1,172244,10745,1,1,DISCREPANCY
phase1,25321,PI+SIDIS,coin,/cache/hallc/c-rsidis/analysis/replays/pass0p1/coin_replay_production_25321_-1.root,245654,253946,8292,1,253946,8292,1,1,DISCREPANCY
phase1,25322,PI+SIDIS,coin,/cache/hallc/c-rsidis/analysis/replays/pass0p1/coin_replay_production_25322_-1.root,176762,194536,17774,1,194536,17774,1,1,DISCREPANCY
phase1,25323,PI+SIDIS,coin,/cache/hallc/c-rsidis/analysis/replays/pass0p1/coin_replay_production_25323_-1.root,174877,192425,17548,1,192425,17548,1,1,DISCREPANCY
phase1,25328,PI+SIDIS,coin,/cache/hallc/c-rsidis/analysis/replays/pass0p1/coin_replay_production_25328_-1.root,510309,528953,18644,1,528953,18644,1,1,DISCREPANCY
phase1,25329,PI+SIDIS,coin,/cache/hallc/c-rsidis/analysis/replays/pass0p1/coin_replay_production_25329_-1.root,579057,598238,19181,1,598238,19181,1,1,DISCREPANCY
phase1,25330,PI+SIDIS,coin,/cache/hallc/c-rsidis/analysis/replays/pass0p1/coin_replay_production_25330_-1.root,471295,488775,17480,1,488775,17480,1,1,DISCREPANCY
phase1,25331,PI+SIDIS,coin,/cache/hallc/c-rsidis/analysis/replays/pass0p1/coin_replay_production_25331_-1.root,1703752,1721982,18230,1,1721982,18230,1,1,DISCREPANCY
phase1,25333,PI+SIDIS,coin,/cache/hallc/c-rsidis/analysis/replays/pass0p1/coin_replay_production_25333_-1.root,171404,188967,17563,1,188967,17563,1,1,DISCREPANCY
phase1,25334,PI+SIDIS,coin,/cache/hallc/c-rsidis/analysis/replays/pass0p1/coin_replay_production_25334_-1.root,163779,181131,17352,1,181131,17352,1,1,DISCREPANCY
phase1,25336,PI+SIDIS,coin,/cache/hallc/c-rsidis/analysis/replays/pass0p1/coin_replay_production_25336_-1.root,361885,380707,18822,1,380707,18822,1,1,DISCREPANCY
phase1,25337,PI+SIDIS,coin,/cache/hallc/c-rsidis/analysis/replays/pass0p1/coin_replay_production_25337_-1.root,244649,262299,17650,1,262299,17650,1,1,DISCREPANCY
phase1,25338,PI+SIDIS,coin,/cache/hallc/c-rsidis/analysis/replays/pass0p1/coin_replay_production_25338_-1.root,231185,248311,17126,1,248311,17126,1,1,DISCREPANCY
phase1,25340,PI+SIDIS,coin,/cache/hallc/c-rsidis/analysis/replays/pass0p1/coin_replay_production_25340_-1.root,388327,407834,19507,1,407834,19507,1,1,DISCREPANCY
phase1,25341,PI+SIDIS,coin,/cache/hallc/c-rsidis/analysis/replays/pass0p1/coin_replay_production_25341_-1.root,222137,233741,11604,1,233741,11604,1,1,DISCREPANCY
phase1,25342,PI+SIDIS,coin,/cache/hallc/c-rsidis/analysis/replays/pass0p1/coin_replay_production_25342_-1.root,306249,321197,14948,1,321197,14948,1,1,DISCREPANCY
phase1,25343,PI+SIDIS,coin,/cache/hallc/c-rsidis/analysis/replays/pass0p1/coin_replay_production_25343_-1.root,285771,300133,14362,1,300133,14362,1,1,DISCREPANCY
phase1,25344,PI+SIDIS,coin,/cache/hallc/c-rsidis/analysis/replays/pass0p1/coin_replay_production_25344_-1.root,519311,536953,17642,1,536953,17642,1,1,DISCREPANCY
phase1,25345,PI+SIDIS,coin,/cache/hallc/c-rsidis/analysis/replays/pass0p1/coin_replay_production_25345_-1.root,296200,306765,10565,1,306765,10565,1,1,DISCREPANCY
phase1,25356,PI+SIDIS,coin,/cache/hallc/c-rsidis/analysis/replays/pass0p1/coin_replay_production_25356_-1.root,747127,766485,19358,1,766485,19358,1,1,DISCREPANCY
phase1,25357,PI+SIDIS,coin,/cache/hallc/c-rsidis/analysis/replays/pass0p1/coin_replay_production_25357_-1.root,729456,746960,17504,1,746960,17504,1,1,DISCREPANCY
phase1,25358,PI+SIDIS,coin,/cache/hallc/c-rsidis/analysis/replays/pass0p1/coin_replay_production_25358_-1.root,1859076,1875482,16406,1,1875482,16406,1,1,DISCREPANCY
phase1,25359,PI+SIDIS,coin,/cache/hallc/c-rsidis/analysis/replays/pass0p1/coin_replay_production_25359_-1.root,262826,280313,17487,1,280313,17487,1,1,DISCREPANCY
phase1,25360,PI+SIDIS,coin,/cache/hallc/c-rsidis/analysis/replays/pass0p1/coin_replay_production_25360_-1.root,267356,284800,17444,1,284800,17444,1,1,DISCREPANCY
phase1,25363,PI+SIDIS,coin,/cache/hallc/c-rsidis/analysis/replays/pass0p1/coin_replay_production_25363_-1.root,1392382,1410671,18289,1,1410671,18289,1,1,DISCREPANCY
phase1,25364,PI+SIDIS,coin,/cache/hallc/c-rsidis/analysis/replays/pass0p1/coin_replay_production_25364_-1.root,1747813,1762753,14940,1,1762753,14940,1,1,DISCREPANCY
phase1,25365,PI+SIDIS,coin,/cache/hallc/c-rsidis/analysis/replays/pass0p1/coin_replay_production_25365_-1.root,567477,585727,18250,1,585727,18250,1,1,DISCREPANCY
phase1,25366,PI+SIDIS,coin,/cache/hallc/c-rsidis/analysis/replays/pass0p1/coin_replay_production_25366_-1.root,273588,291543,17955,1,291543,17955,1,1,DISCREPANCY
phase1,25368,PI+SIDIS,coin,/cache/hallc/c-rsidis/analysis/replays/pass0p1/coin_replay_production_25368_-1.root,236293,254370,18077,1,254370,18077,1,1,DISCREPANCY
phase1,25370,PI+SIDIS,coin,/cache/hallc/c-rsidis/analysis/replays/pass0p1/coin_replay_production_25370_-1.root,33381,44234,10853,1,44234,10853,1,1,DISCREPANCY
phase1,25371,PI+SIDIS,coin,/cache/hallc/c-rsidis/analysis/replays/pass0p1/coin_replay_production_25371_-1.root,978489,996665,18176,1,996665,18176,1,1,DISCREPANCY
phase1,25372,PI+SIDIS,coin,/cache/hallc/c-rsidis/analysis/replays/pass0p1/coin_replay_production_25372_-1.root,1235260,1253660,18400,1,1253660,18400,1,1,DISCREPANCY
phase1,25374,PI+SIDIS,coin,/cache/hallc/c-rsidis/analysis/replays/pass0p1/coin_replay_production_25374_-1.root,1157691,1182113,24422,1,1182113,24422,1,1,DISCREPANCY
phase1,25375,PI+SIDIS,coin,/cache/hallc/c-rsidis/analysis/replays/pass0p1/coin_replay_production_25375_-1.root,765569,782790,17221,1,782790,17221,1,1,DISCREPANCY
phase1,25376,PI+SIDIS,coin,/cache/hallc/c-rsidis/analysis/replays/pass0p1/coin_replay_production_25376_-1.root,737880,755769,17889,1,755769,17889,1,1,DISCREPANCY
phase1,25379,PI+SIDIS,coin,/cache/hallc/c-rsidis/analysis/replays/pass0p1/coin_replay_production_25379_-1.root,1692283,1702152,9869,1,1702152,9869,1,1,DISCREPANCY
phase1,25380,PI+SIDIS,coin,/cache/hallc/c-rsidis/analysis/replays/pass0p1/coin_replay_production_25380_-1.root,910801,929447,18646,1,929447,18646,1,1,DISCREPANCY
phase1,25381,PI+SIDIS,coin,/cache/hallc/c-rsidis/analysis/replays/pass0p1/coin_replay_production_25381_-1.root,959488,979963,20475,1,979963,20475,1,1,DISCREPANCY
phase1,25382,PI+SIDIS,coin,/cache/hallc/c-rsidis/analysis/replays/pass0p1/coin_replay_production_25382_-1.root,280782,300283,19501,1,300283,19501,1,1,DISCREPANCY
phase1,25383,PI+SIDIS,coin,/cache/hallc/c-rsidis/analysis/replays/pass0p1/coin_replay_production_25383_-1.root,289095,309451,20356,1,309451,20356,1,1,DISCREPANCY
phase1,25384,PI+SIDIS,coin,/cache/hallc/c-rsidis/analysis/replays/pass0p1/coin_replay_production_25384_-1.root,140402,150054,9652,1,150054,9652,1,1,DISCREPANCY
phase1,25385,PI+SIDIS,coin,/cache/hallc/c-rsidis/analysis/replays/pass0p1/coin_replay_production_25385_-1.root,398230,422629,24399,1,422629,24399,1,1,DISCREPANCY
phase1,25386,PI+SIDIS,coin,/cache/hallc/c-rsidis/analysis/replays/pass0p1/coin_replay_production_25386_-1.root,386785,410477,23692,1,410477,23692,1,1,DISCREPANCY
phase1,25387,PI+SIDIS,coin,/cache/hallc/c-rsidis/analysis/replays/pass0p1/coin_replay_production_25387_-1.root,900593,921112,20519,1,921112,20519,1,1,DISCREPANCY
phase1,25388,PI+SIDIS,coin,/cache/hallc/c-rsidis/analysis/replays/pass0p1/coin_replay_production_25388_-1.root,109729,129002,19273,1,129002,19273,1,1,DISCREPANCY
phase1,25389,PI+SIDIS,coin,/cache/hallc/c-rsidis/analysis/replays/pass0p1/coin_replay_production_25389_-1.root,109263,127771,18508,1,127771,18508,1,1,DISCREPANCY
phase1,25394,PI+SIDIS,coin,/cache/hallc/c-rsidis/analysis/replays/pass0p1/coin_replay_production_25394_-1.root,111785,130049,18264,1,130049,18264,1,1,DISCREPANCY
phase1,25395,PI+SIDIS,coin,/cache/hallc/c-rsidis/analysis/replays/pass0p1/coin_replay_production_25395_-1.root,96359,113793,17434,1,113793,17434,1,1,DISCREPANCY
phase1,25423,PI-SIDIS,coin,/cache/hallc/c-rsidis/analysis/replays/pass0p1/coin_replay_production_25423_-1.root,147610,166237,18627,1,166237,18627,1,1,DISCREPANCY
phase1,25424,PI-SIDIS,coin,/cache/hallc/c-rsidis/analysis/replays/pass0p1/coin_replay_production_25424_-1.root,135356,154820,19464,1,154820,19464,1,1,DISCREPANCY
phase1,25425,PI-SIDIS,coin,/cache/hallc/c-rsidis/analysis/replays/pass0p1/coin_replay_production_25425_-1.root,143014,161007,17993,1,161007,17993,1,1,DISCREPANCY
phase1,25426,PI-SIDIS,coin,/cache/hallc/c-rsidis/analysis/replays/pass0p1/coin_replay_production_25426_-1.root,133653,151849,18196,1,151849,18196,1,1,DISCREPANCY
phase1,25427,PI-SIDIS,coin,/cache/hallc/c-rsidis/analysis/replays/pass0p1/coin_replay_production_25427_-1.root,138200,158007,19807,1,158007,19807,1,1,DISCREPANCY
phase1,25428,PI-SIDIS,coin,/cache/hallc/c-rsidis/analysis/replays/pass0p1/coin_replay_production_25428_-1.root,450407,470290,19883,1,470290,19883,1,1,DISCREPANCY
phase1,25429,PI-SIDIS,coin,/cache/hallc/c-rsidis/analysis/replays/pass0p1/coin_replay_production_25429_-1.root,44120,62489,18369,1,62489,18369,1,1,DISCREPANCY
phase1,25430,PI-SIDIS,coin,/cache/hallc/c-rsidis/analysis/replays/pass0p1/coin_replay_production_25430_-1.root,40924,59767,18843,1,59767,18843,1,1,DISCREPANCY
phase1,25432,PI-SIDIS,coin,/cache/hallc/c-rsidis/analysis/replays/pass0p1/coin_replay_production_25432_-1.root,51518,69710,18192,1,69710,18192,1,1,DISCREPANCY
phase1,25433,PI-SIDIS,coin,/cache/hallc/c-rsidis/analysis/replays/pass0p1/coin_replay_production_25433_-1.root,37584,62332,24748,1,62332,24748,1,1,DISCREPANCY
phase1,25434,PI-SIDIS,coin,/cache/hallc/c-rsidis/analysis/replays/pass0p1/coin_replay_production_25434_-1.root,395909,413528,17619,1,413528,17619,1,1,DISCREPANCY
phase1,25435,PI-SIDIS,coin,/cache/hallc/c-rsidis/analysis/replays/pass0p1/coin_replay_production_25435_-1.root,394796,414934,20138,1,414934,20138,1,1,DISCREPANCY
phase1,25436,PI-SIDIS,coin,/cache/hallc/c-rsidis/analysis/replays/pass0p1/coin_replay_production_25436_-1.root,434292,452182,17890,1,452182,17890,1,1,DISCREPANCY
phase1,25437,PI-SIDIS,coin,/cache/hallc/c-rsidis/analysis/replays/pass0p1/coin_replay_production_25437_-1.root,1127240,1145076,17836,1,1145076,17836,1,1,DISCREPANCY
phase1,25438,PI-SIDIS,coin,/cache/hallc/c-rsidis/analysis/replays/pass0p1/coin_replay_production_25438_-1.root,120374,138483,18109,1,138483,18109,1,1,DISCREPANCY
phase1,25439,PI-SIDIS,coin,/cache/hallc/c-rsidis/analysis/replays/pass0p1/coin_replay_production_25439_-1.root,103683,121445,17762,1,121445,17762,1,1,DISCREPANCY
phase1,25440,PI-SIDIS,coin,/cache/hallc/c-rsidis/analysis/replays/pass0p1/coin_replay_production_25440_-1.root,86476,104329,17853,1,104329,17853,1,1,DISCREPANCY
phase1,25441,PI-SIDIS,coin,/cache/hallc/c-rsidis/analysis/replays/pass0p1/coin_replay_production_25441_-1.root,125397,143266,17869,1,143266,17869,1,1,DISCREPANCY
phase1,25442,PI-SIDIS,coin,/cache/hallc/c-rsidis/analysis/replays/pass0p1/coin_replay_production_25442_-1.root,442290,463176,20886,1,463176,20886,1,1,DISCREPANCY
phase1,25443,PI-SIDIS,coin,/cache/hallc/c-rsidis/analysis/replays/pass0p1/coin_replay_production_25443_-1.root,1574598,1591715,17117,1,1591715,17117,1,1,DISCREPANCY
phase1,25444,PI-SIDIS,coin,/cache/hallc/c-rsidis/analysis/replays/pass0p1/coin_replay_production_25444_-1.root,1334729,1351973,17244,1,1351973,17244,1,1,DISCREPANCY
phase1,25445,PI-SIDIS,coin,/cache/hallc/c-rsidis/analysis/replays/pass0p1/coin_replay_production_25445_-1.root,1596307,1613653,17346,1,1613653,17346,1,1,DISCREPANCY
phase1,25446,PI-SIDIS,coin,/cache/hallc/c-rsidis/analysis/replays/pass0p1/coin_replay_production_25446_-1.root,428742,446466,17724,1,446466,17724,1,1,DISCREPANCY
phase1,25447,PI-SIDIS,coin,/cache/hallc/c-rsidis/analysis/replays/pass0p1/coin_replay_production_25447_-1.root,260519,278110,17591,1,278110,17591,1,1,DISCREPANCY
phase1,25448,PI-SIDIS,coin,/cache/hallc/c-rsidis/analysis/replays/pass0p1/coin_replay_production_25448_-1.root,814642,832197,17555,1,832197,17555,1,1,DISCREPANCY
phase1,25449,PI-SIDIS,coin,/cache/hallc/c-rsidis/analysis/replays/pass0p1/coin_replay_production_25449_-1.root,954607,972137,17530,1,972137,17530,1,1,DISCREPANCY
phase1,25450,PI-SIDIS,coin,/cache/hallc/c-rsidis/analysis/replays/pass0p1/coin_replay_production_25450_-1.root,746690,764809,18119,1,764809,18119,1,1,DISCREPANCY
phase1,25451,PI-SIDIS,coin,/cache/hallc/c-rsidis/analysis/replays/pass0p1/coin_replay_production_25451_-1.root,262069,280234,18165,1,280234,18165,1,1,DISCREPANCY
phase1,25452,PI-SIDIS,coin,/cache/hallc/c-rsidis/analysis/replays/pass0p1/coin_replay_production_25452_-1.root,265287,282599,17312,1,282599,17312,1,1,DISCREPANCY
phase1,25453,PI-SIDIS,coin,/cache/hallc/c-rsidis/analysis/replays/pass0p1/coin_replay_production_25453_-1.root,378266,396330,18064,1,396330,18064,1,1,DISCREPANCY
phase1,25455,PI-SIDIS,coin,/cache/hallc/c-rsidis/analysis/replays/pass0p1/coin_replay_production_25455_-1.root,519006,532269,13263,1,532269,13263,1,1,DISCREPANCY
phase1,25457,PI-SIDIS,coin,/cache/hallc/c-rsidis/analysis/replays/pass0p1/coin_replay_production_25457_-1.root,948988,972620,23632,1,972620,23632,1,1,DISCREPANCY
phase1,25459,PI-SIDIS,coin,/cache/hallc/c-rsidis/analysis/replays/pass0p1/coin_replay_production_25459_-1.root,697860,721059,23199,1,721059,23199,1,1,DISCREPANCY
phase1,25462,PI-SIDIS,coin,/cache/hallc/c-rsidis/analysis/replays/pass0p1/coin_replay_production_25462_-1.root,431685,456860,25175,1,456860,25175,1,1,DISCREPANCY
phase1,25463,PI-SIDIS,coin,/cache/hallc/c-rsidis/analysis/replays/pass0p1/coin_replay_production_25463_-1.root,145390,170019,24629,1,170019,24629,1,1,DISCREPANCY
phase1,25464,PI+SIDIS,coin,/cache/hallc/c-rsidis/analysis/replays/pass0p1/coin_replay_production_25464_-1.root,280059,305311,25252,1,305311,25252,1,1,DISCREPANCY
phase1,25465,PI+SIDIS,coin,/cache/hallc/c-rsidis/analysis/replays/pass0p1/coin_replay_production_25465_-1.root,730989,756054,25065,1,756054,25065,1,1,DISCREPANCY
phase1,25466,PI+SIDIS,coin,/cache/hallc/c-rsidis/analysis/replays/pass0p1/coin_replay_production_25466_-1.root,696067,714002,17935,1,714002,17935,1,1,DISCREPANCY
phase1,25467,PI+SIDIS,coin,/cache/hallc/c-rsidis/analysis/replays/pass0p1/coin_replay_production_25467_-1.root,1365890,1390655,24765,1,1390655,24765,1,1,DISCREPANCY
phase1,25468,PI+SIDIS,coin,/cache/hallc/c-rsidis/analysis/replays/pass0p1/coin_replay_production_25468_-1.root,1229986,1247877,17891,1,1247877,17891,1,1,DISCREPANCY
phase1,25469,PI+SIDIS,coin,/cache/hallc/c-rsidis/analysis/replays/pass0p1/coin_replay_production_25469_-1.root,428483,446606,18123,1,446606,18123,1,1,DISCREPANCY
phase1,25474,PI+SIDIS,coin,/cache/hallc/c-rsidis/analysis/replays/pass0p1/coin_replay_production_25474_-1.root,535558,561466,25908,1,561466,25908,1,1,DISCREPANCY
phase1,25475,SHMSHEEP,coin,/cache/hallc/c-rsidis/analysis/replays/pass0p1/coin_replay_production_25475_-1.root,1397,21156,19759,1,21156,19759,1,1,DISCREPANCY
phase1,25476,SHMSHEEP,coin,/cache/hallc/c-rsidis/analysis/replays/pass0p1/coin_replay_production_25476_-1.root,10962,30203,19241,1,30203,19241,1,1,DISCREPANCY
phase1,25477,SHMSHEEP,coin,/cache/hallc/c-rsidis/analysis/replays/pass0p1/coin_replay_production_25477_-1.root,12853,31273,18420,1,31273,18420,1,1,DISCREPANCY
phase1,25478,SHMSHEEP,coin,/cache/hallc/c-rsidis/analysis/replays/pass0p1/coin_replay_production_25478_-1.root,12418,31113,18695,1,31113,18695,1,1,DISCREPANCY
phase1,25479,SHMSHEEP,coin,/cache/hallc/c-rsidis/analysis/replays/pass0p1/coin_replay_production_25479_-1.root,12406,32170,19764,1,32170,19764,1,1,DISCREPANCY
phase1,25480,SHMSHEEP,coin,/cache/hallc/c-rsidis/analysis/replays/pass0p1/coin_replay_production_25480_-1.root,10437,28806,18369,1,28806,18369,1,1,DISCREPANCY
phase1,25481,SHMSHEEP,coin,/cache/hallc/c-rsidis/analysis/replays/pass0p1/coin_replay_production_25481_-1.root,6595,21473,14878,1,21473,14878,1,1,DISCREPANCY
phase1,25482,SHMSHEEP,coin,/cache/hallc/c-rsidis/analysis/replays/pass0p1/coin_replay_production_25482_-1.root,2582,8134,5552,1,8134,5552,1,1,DISCREPANCY
phase1,25483,SHMSHEEP,coin,/cache/hallc/c-rsidis/analysis/replays/pass0p1/coin_replay_production_25483_-1.root,7182,25910,18728,1,25910,18728,1,1,DISCREPANCY
phase1,25484,PI-SIDIS,coin,/cache/hallc/c-rsidis/analysis/replays/pass0p1/coin_replay_production_25484_-1.root,1201496,1218911,17415,1,1218911,17415,1,1,DISCREPANCY
phase1,25485,PI-SIDIS,coin,/cache/hallc/c-rsidis/analysis/replays/pass0p1/coin_replay_production_25485_-1.root,1544252,1561533,17281,1,1561533,17281,1,1,DISCREPANCY
phase1,25486,PI-SIDIS,coin,/cache/hallc/c-rsidis/analysis/replays/pass0p1/coin_replay_production_25486_-1.root,1543663,1562118,18455,1,1562118,18455,1,1,DISCREPANCY
phase1,25487,PI-SIDIS,coin,/cache/hallc/c-rsidis/analysis/replays/pass0p1/coin_replay_production_25487_-1.root,1528025,1545204,17179,1,1545204,17179,1,1,DISCREPANCY
phase1,25488,PI-SIDIS,coin,/cache/hallc/c-rsidis/analysis/replays/pass0p1/coin_replay_production_25488_-1.root,1610305,1628035,17730,1,1628035,17730,1,1,DISCREPANCY
phase1,25489,PI-SIDIS,coin,/cache/hallc/c-rsidis/analysis/replays/pass0p1/coin_replay_production_25489_-1.root,489227,509411,20184,1,509411,20184,1,1,DISCREPANCY
phase1,25490,PI-SIDIS,coin,/cache/hallc/c-rsidis/analysis/replays/pass0p1/coin_replay_production_25490_-1.root,365456,380855,15399,1,380855,15399,1,1,DISCREPANCY
phase1,25491,PI-SIDIS,coin,/cache/hallc/c-rsidis/analysis/replays/pass0p1/coin_replay_production_25491_-1.root,985179,1002648,17469,1,1002648,17469,1,1,DISCREPANCY
phase1,25492,PI-SIDIS,coin,/cache/hallc/c-rsidis/analysis/replays/pass0p1/coin_replay_production_25492_-1.root,947876,965271,17395,1,965271,17395,1,1,DISCREPANCY
phase1,25493,PI-SIDIS,coin,/cache/hallc/c-rsidis/analysis/replays/pass0p1/coin_replay_production_25493_-1.root,899696,915703,16007,1,915703,16007,1,1,DISCREPANCY
phase1,25494,PI-SIDIS,coin,/cache/hallc/c-rsidis/analysis/replays/pass0p1/coin_replay_production_25494_-1.root,747752,763873,16121,1,763873,16121,1,1,DISCREPANCY
phase1,25495,PI-SIDIS,coin,/cache/hallc/c-rsidis/analysis/replays/pass0p1/coin_replay_production_25495_-1.root,1033838,1052844,19006,1,1052844,19006,1,1,DISCREPANCY
phase1,25496,PI-SIDIS,coin,/cache/hallc/c-rsidis/analysis/replays/pass0p1/coin_replay_production_25496_-1.root,256170,274116,17946,1,274116,17946,1,1,DISCREPANCY
phase1,25497,PI-SIDIS,coin,/cache/hallc/c-rsidis/analysis/replays/pass0p1/coin_replay_production_25497_-1.root,270194,288977,18783,1,288977,18783,1,1,DISCREPANCY
phase1,25498,PI-SIDIS,coin,/cache/hallc/c-rsidis/analysis/replays/pass0p1/coin_replay_production_25498_-1.root,384521,403372,18851,1,403372,18851,1,1,DISCREPANCY
phase1,25499,PI-SIDIS,coin,/cache/hallc/c-rsidis/analysis/replays/pass0p1/coin_replay_production_25499_-1.root,831633,849122,17489,1,849122,17489,1,1,DISCREPANCY
phase1,25500,PI-SIDIS,coin,/cache/hallc/c-rsidis/analysis/replays/pass0p1/coin_replay_production_25500_-1.root,775704,793131,17427,1,793131,17427,1,1,DISCREPANCY
phase1,25501,PI-SIDIS,coin,/cache/hallc/c-rsidis/analysis/replays/pass0p1/coin_replay_production_25501_-1.root,853376,872095,18719,1,872095,18719,1,1,DISCREPANCY
phase1,25502,PI-SIDIS,coin,/cache/hallc/c-rsidis/analysis/replays/pass0p1/coin_replay_production_25502_-1.root,851203,871631,20428,1,871631,20428,1,1,DISCREPANCY
phase1,25503,PI-SIDIS,coin,/cache/hallc/c-rsidis/analysis/replays/pass0p1/coin_replay_production_25503_-1.root,829655,847348,17693,1,847348,17693,1,1,DISCREPANCY
phase1,25504,PI-SIDIS,coin,/cache/hallc/c-rsidis/analysis/replays/pass0p1/coin_replay_production_25504_-1.root,228489,246610,18121,1,246610,18121,1,1,DISCREPANCY
phase1,25505,PI-SIDIS,coin,/cache/hallc/c-rsidis/analysis/replays/pass0p1/coin_replay_production_25505_-1.root,229572,248350,18778,1,248350,18778,1,1,DISCREPANCY
phase1,25506,PI-SIDIS,coin,/cache/hallc/c-rsidis/analysis/replays/pass0p1/coin_replay_production_25506_-1.root,813003,830951,17948,1,830951,17948,1,1,DISCREPANCY
phase1,25507,PI-SIDIS,coin,/cache/hallc/c-rsidis/analysis/replays/pass0p1/coin_replay_production_25507_-1.root,921677,942247,20570,1,942247,20570,1,1,DISCREPANCY
phase1,25508,PI-SIDIS,coin,/cache/hallc/c-rsidis/analysis/replays/pass0p1/coin_replay_production_25508_-1.root,815775,833241,17466,1,833241,17466,1,1,DISCREPANCY
phase1,25509,PI-SIDIS,coin,/cache/hallc/c-rsidis/analysis/replays/pass0p1/coin_replay_production_25509_-1.root,809884,827073,17189,1,827073,17189,1,1,DISCREPANCY
phase1,25510,PI-SIDIS,coin,/cache/hallc/c-rsidis/analysis/replays/pass0p1/coin_replay_production_25510_-1.root,281482,291833,10351,1,291833,10351,1,1,DISCREPANCY
phase1,25511,PI-SIDIS,coin,/cache/hallc/c-rsidis/analysis/replays/pass0p1/coin_replay_production_25511_-1.root,513274,524743,11469,1,524743,11469,1,1,DISCREPANCY
phase1,25512,PI-SIDIS,coin,/cache/hallc/c-rsidis/analysis/replays/pass0p1/coin_replay_production_25512_-1.root,222606,240867,18261,1,240867,18261,1,1,DISCREPANCY
phase1,25513,PI-SIDIS,coin,/cache/hallc/c-rsidis/analysis/replays/pass0p1/coin_replay_production_25513_-1.root,221029,238365,17336,1,238365,17336,1,1,DISCREPANCY
phase1,25514,PI-SIDIS,coin,/cache/hallc/c-rsidis/analysis/replays/pass0p1/coin_replay_production_25514_-1.root,234654,252038,17384,1,252038,17384,1,1,DISCREPANCY
phase1,25515,PI-SIDIS,coin,/cache/hallc/c-rsidis/analysis/replays/pass0p1/coin_replay_production_25515_-1.root,86287,89100,2813,1,89100,2813,1,1,DISCREPANCY
phase1,25516,PI-SIDIS,coin,/cache/hallc/c-rsidis/analysis/replays/pass0p1/coin_replay_production_25516_-1.root,624598,641305,16707,1,641305,16707,1,1,DISCREPANCY
phase1,25517,PI-SIDIS,coin,/cache/hallc/c-rsidis/analysis/replays/pass0p1/coin_replay_production_25517_-1.root,675286,692438,17152,1,692438,17152,1,1,DISCREPANCY
phase1,25518,PI-SIDIS,coin,/cache/hallc/c-rsidis/analysis/replays/pass0p1/coin_replay_production_25518_-1.root,754747,772419,17672,1,772419,17672,1,1,DISCREPANCY
phase1,25519,PI-SIDIS,coin,/cache/hallc/c-rsidis/analysis/replays/pass0p1/coin_replay_production_25519_-1.root,706888,724403,17515,1,724403,17515,1,1,DISCREPANCY
phase1,25520,PI-SIDIS,coin,/cache/hallc/c-rsidis/analysis/replays/pass0p1/coin_replay_production_25520_-1.root,772317,792205,19888,1,792205,19888,1,1,DISCREPANCY
phase1,25532,PI-SIDIS,coin,/cache/hallc/c-rsidis/analysis/replays/pass0p1/coin_replay_production_25532_-1.root,786210,803518,17308,1,803518,17308,1,1,DISCREPANCY
phase1,25533,PI-SIDIS,coin,/cache/hallc/c-rsidis/analysis/replays/pass0p1/coin_replay_production_25533_-1.root,458569,475815,17246,1,475815,17246,1,1,DISCREPANCY
phase1,25534,PI-SIDIS,coin,/cache/hallc/c-rsidis/analysis/replays/pass0p1/coin_replay_production_25534_-1.root,599460,616447,16987,1,616447,16987,1,1,DISCREPANCY
phase1,25536,PI-SIDIS,coin,/cache/hallc/c-rsidis/analysis/replays/pass0p1/coin_replay_production_25536_-1.root,197860,209489,11629,1,209489,11629,1,1,DISCREPANCY
phase1,25538,PI-SIDIS,coin,/cache/hallc/c-rsidis/analysis/replays/pass0p1/coin_replay_production_25538_-1.root,727025,747319,20294,1,747319,20294,1,1,DISCREPANCY
phase1,25539,PI+SIDIS,coin,/cache/hallc/c-rsidis/analysis/replays/pass0p1/coin_replay_production_25539_-1.root,555147,570291,15144,1,570291,15144,1,1,DISCREPANCY
phase1,25540,PI+SIDIS,coin,/cache/hallc/c-rsidis/analysis/replays/pass0p1/coin_replay_production_25540_-1.root,599662,617364,17702,1,617364,17702,1,1,DISCREPANCY
phase1,25541,PI+SIDIS,coin,/cache/hallc/c-rsidis/analysis/replays/pass0p1/coin_replay_production_25541_-1.root,547548,565129,17581,1,565129,17581,1,1,DISCREPANCY
phase1,25542,PI+SIDIS,coin,/cache/hallc/c-rsidis/analysis/replays/pass0p1/coin_replay_production_25542_-1.root,633169,650484,17315,1,650484,17315,1,1,DISCREPANCY
phase1,25543,PI+SIDIS,coin,/cache/hallc/c-rsidis/analysis/replays/pass0p1/coin_replay_production_25543_-1.root,613314,630859,17545,1,630859,17545,1,1,DISCREPANCY
phase1,25544,PI+SIDIS,coin,/cache/hallc/c-rsidis/analysis/replays/pass0p1/coin_replay_production_25544_-1.root,590729,607820,17091,1,607820,17091,1,1,DISCREPANCY
phase1,25545,PI+SIDIS,coin,/cache/hallc/c-rsidis/analysis/replays/pass0p1/coin_replay_production_25545_-1.root,476015,493643,17628,1,493643,17628,1,1,DISCREPANCY
phase1,25546,PI+SIDIS,coin,/cache/hallc/c-rsidis/analysis/replays/pass0p1/coin_replay_production_25546_-1.root,712752,735934,23182,1,735934,23182,1,1,DISCREPANCY
phase1,25547,PI+SIDIS,coin,/cache/hallc/c-rsidis/analysis/replays/pass0p1/coin_replay_production_25547_-1.root,645887,663658,17771,1,663658,17771,1,1,DISCREPANCY
phase1,25548,PI+SIDIS,coin,/cache/hallc/c-rsidis/analysis/replays/pass0p1/coin_replay_production_25548_-1.root,331630,341333,9703,1,341333,9703,1,1,DISCREPANCY
