setting_id,x,Q2,z,theta_pq,ebeam,hms_p,hms_th,shms_p,shms_th,provenance,source_reference,credibility_status,evaluation_runs,max_abs_dx,max_abs_dQ2,max_abs_dz,max_abs_dthpq,observed_phases,observed_channels,observed_sidis_runs,observed_support_runs,observed_run_range,channel_inference
RP001,0.25,3.3,0.9,-0.8,10.67,3.642,16.75,6.538,7.51,authoritative_runplan,1:3|1:17,authoritative,,,,,,phase1,pi+|pi-,35,20,24877-25043,direct SIDIS run types
RP002,0.25,3.3,0.67,-0.8,10.67,3.642,16.75,4.868,7.51,authoritative_runplan,1:7|1:21,authoritative,,,,,,phase1,pi+|pi-,63,16,24907-25074,direct SIDIS run types
RP003,0.25,3.3,0.5,-0.8,10.67,3.642,16.75,3.632,7.51,authoritative_runplan,1:12|1:25,authoritative,,,,,,phase1,pi+|pi-,67,18,24960-25121,direct SIDIS run types
RP004,0.25,3.3,0.9,2.0,10.67,3.642,16.75,6.538,10.31,authoritative_runplan,1:29|1:43,authoritative,,,,,,phase1,pi-|pi+,27,12,25122-25253,direct SIDIS run types
RP005,0.25,3.3,0.67,2.0,10.67,3.642,16.75,4.868,10.31,authoritative_runplan,1:32|1:46,authoritative,,,,,,phase1,pi-|pi+,40,16,25138-25279,direct SIDIS run types
RP006,0.25,3.3,0.5,2.0,10.67,3.642,16.75,3.632,10.31,authoritative_runplan,1:36|1:50|1:68|1:76,authoritative,,,,,,phase1,pi-|pi+,79,14,25178-25498,direct SIDIS run types
RP007,0.25,3.3,0.36,2.0,10.67,3.642,16.75,2.615,10.31,authoritative_runplan,1:40|1:54,authoritative,,,,,,phase1,pi-|pi+,36,9,25205-25474,direct SIDIS run types
RP008,0.25,3.3,0.5,5.2,10.67,3.642,16.75,3.632,13.51,authoritative_runplan,1:58|1:66|2:191,authoritative,,,,,,phase1|phase2,pi+|pi-,38,10,25356-28443,direct SIDIS run types
RP009,0.25,3.3,0.5,8.5,10.67,3.642,16.75,3.632,16.81,authoritative_runplan,1:62|1:64,authoritative,,,,,,phase1,pi+|pi-,20,27,25384-25464,direct SIDIS run types
RP010,0.22,2.2,0.5,2.0,6.49,1.165,31.28,2.766,8.28,authoritative_runplan,2:4|2:9,authoritative,,,,,,phase2,pi-|pi+,62,13,27113-27515,direct SIDIS run types
RP011,0.22,2.2,0.9,2.0,6.49,1.165,31.28,4.978,8.28,authoritative_runplan,2:7,authoritative,,,,,,phase2,pi+,6,6,27156-27512,direct SIDIS run types
RP012,0.44,4.4,0.9,2.0,6.49,1.165,44.83,5.154,10.25,authoritative_runplan,2:11,authoritative,,,,,,phase2,pi+,12,17,27189-27580,direct SIDIS run types
RP013,0.44,4.4,0.67,2.0,6.494,1.165,44.83,3.837,10.25,authoritative_runplan,2:13|2:24,authoritative,,,,,,phase2,pi+|pi-,71,8,27201-27586,direct SIDIS run types
RP014,0.44,4.4,0.52,2.0,6.494,1.165,44.83,2.978,10.25,authoritative_runplan,2:15|2:26,authoritative,,,,,,phase2,pi+|pi-,190,17,27236-27748,direct SIDIS run types
RP015,0.16,1.6,0.5,2.0,6.49,1.165,26.59,2.738,7.5,authoritative_runplan,2:29|2:35,authoritative,,,,,,phase2,pi-|pi+,40,8,27442-27502,direct SIDIS run types
RP016,0.16,1.6,0.9,2.0,6.49,1.165,26.59,4.929,7.5,authoritative_runplan,2:32,authoritative,,,,,,phase2,pi+,6,5,27467-27494,direct SIDIS run types
RP017,0.31,3.1,0.9,2.0,6.49,1.165,37.33,5.051,9.23,authoritative_runplan,2:50,authoritative,,,,,,phase2,pi+,6,7,27516-27644,direct SIDIS run types
RP018,0.31,3.1,0.5,2.0,6.49,1.165,37.33,2.806,9.23,authoritative_runplan,2:52|2:55,authoritative,,,,,,phase2,pi+|pi-,83,7,27536-27732,direct SIDIS run types
RP019,0.16,1.6,0.5,2.0,8.58,3.254,13.75,2.738,10.12,authoritative_runplan,2:65|2:71,authoritative,,,,,,phase2,pi-|pi+,15,8,27758-28082,direct SIDIS run types
RP020,0.16,1.6,0.5,0.0,8.58,3.254,13.75,2.738,8.12,authoritative_runplan,2:67|2:74,authoritative,,,,,,phase2,pi+|pi-,4,0,28076-28080,direct SIDIS run types
RP021,0.16,1.6,0.9,2.0,8.58,3.254,13.75,4.929,10.12,authoritative_runplan,2:69,authoritative,,,,,,phase2,pi+,2,0,27772-27773,direct SIDIS run types
RP022,0.22,2.2,0.9,2.0,8.58,3.254,16.13,4.978,11.41,authoritative_runplan,2:76,authoritative,,,,,,phase2,pi+,2,0,27787-27788,direct SIDIS run types
RP023,0.22,2.2,0.5,2.0,8.58,3.254,16.13,2.766,11.41,authoritative_runplan,2:78|2:86,authoritative,,,,,,phase2,pi+|pi-,26,10,27789-28064,direct SIDIS run types
RP024,0.22,2.2,0.5,-1.0,8.58,3.254,16.13,2.766,8.41,authoritative_runplan,2:81|2:83,authoritative,,,,,,phase2,pi+|pi-,12,0,27799-28066,direct SIDIS run types
RP025,0.31,3.1,0.5,2.0,8.58,3.254,19.18,2.806,12.98,authoritative_runplan,2:88|2:92,authoritative,,,,,,phase2,pi-|pi+,28,9,27828-28055,direct SIDIS run types
RP026,0.31,3.1,0.9,2.0,8.58,3.254,19.18,5.051,12.98,authoritative_runplan,2:90,authoritative,,,,,,phase2,pi+,3,0,27841-27843,direct SIDIS run types
RP027,0.44,4.4,0.9,2.0,8.58,3.254,22.89,5.154,14.77,authoritative_runplan,2:95,authoritative,,,,,,phase2,pi+,2,0,27858-27859,direct SIDIS run types
RP028,0.44,4.4,0.67,2.0,8.58,3.254,22.89,3.837,14.77,authoritative_runplan,2:97|2:104,authoritative,,,,,,phase2,pi+|pi-,34,4,27860-28027,direct SIDIS run types
RP029,0.44,4.4,0.52,2.0,8.58,3.254,22.89,2.978,14.77,authoritative_runplan,2:99|2:106,authoritative,,,,,,phase2,pi+|pi-,77,21,27875-28040,direct SIDIS run types
RP034,0.44,4.4,0.9,2.0,10.67,5.343,15.97,5.154,16.87,authoritative_runplan,2:141|2:163|2:180,authoritative,,,,,,phase2,pi+|pi-,7,0,28155-28379,direct SIDIS run types
RP035,0.44,4.4,0.67,2.0,10.67,5.343,15.97,3.837,16.87,authoritative_runplan,2:143|2:165,authoritative,,,,,,phase2,pi+|pi-,25,7,28157-28294,direct SIDIS run types
RP036,0.44,4.4,0.67,0.0,10.67,5.343,15.97,3.837,14.87,authoritative_runplan,2:146|2:167,authoritative,,,,,,phase2,pi+|pi-,18,0,28172-28305,direct SIDIS run types
RP037,0.44,4.4,0.67,-2.0,10.67,5.343,15.97,3.837,12.87,authoritative_runplan,2:148|2:169,authoritative,,,,,,phase2,pi+|pi-,19,0,28180-28318,direct SIDIS run types
RP038,0.44,4.4,0.52,-2.0,10.67,5.343,15.97,2.978,12.87,authoritative_runplan,2:150|2:171|2:196,authoritative,,,,,,phase2,pi+|pi-,52,0,28187-28471,direct SIDIS run types
RP039,0.44,4.4,0.52,0.0,10.67,5.343,15.97,2.978,14.87,authoritative_runplan,2:155|2:174|2:197,authoritative,,,,,,phase2,pi+|pi-,35,12,28220-28469,direct SIDIS run types
RP040,0.44,4.4,0.52,2.0,10.67,5.343,15.97,2.978,16.87,authoritative_runplan,2:159|2:177|2:198,authoritative,,,,,,phase2,pi+|pi-,42,15,28245-28467,direct SIDIS run types
RP041,0.31,3.1,0.9,2.0,10.67,5.343,13.49,5.051,14.74,authoritative_runplan,2:187|2:188,authoritative,,,,,,phase2,pi+|pi-,10,0,28108-28424,direct SIDIS run types
RP043,0.25,3.3,0.5,11.7,10.67,3.642,16.75,3.632,20.01,authoritative_runplan,2:194,authoritative,,,,,,phase2,pi+,14,0,28444-28458,direct SIDIS run types
GT001,0.25,3.3,0.9,2.0,8.5831,1.531,29.045,6.538,7.865,provisional_generator_only,KINEMATIC_TABLE row 1,calculation_passed,63,0.00024208380306381394,0.005190597629962657,0.027310964604135735,0.006990936384164037,phase1,pi-|pi+,44,21,23957-24581,direct SIDIS run types
GT002,0.25,3.3,0.67,2.0,8.5831,1.531,29.045,4.868,7.865,provisional_generator_only,KINEMATIC_TABLE row 2,calculation_passed,183,0.00024208380306381394,0.005190597629962657,0.02057450385856807,0.006990936384164037,phase1,pi-|pi+,160,29,23977-24588,direct SIDIS run types
GT005,0.25,3.3,0.5,2.0,8.5831,1.531,29.045,3.632,7.865,provisional_generator_only,KINEMATIC_TABLE row 5,calculation_passed,212,0.00024208380306381394,0.005190597629962657,0.015404029735204383,0.006990936384164037,phase1,pi-|pi+,187,35,24089-24605,direct SIDIS run types
GT006,0.25,3.3,0.5,5.2,8.5831,1.531,29.045,3.632,11.075,provisional_generator_only,KINEMATIC_TABLE row 6,calculation_passed,128,0.00024208380306381394,0.005190597629962657,0.015404029735204383,0.016990936384162936,phase1,pi-|pi+,121,14,23861-24874,direct SIDIS run types
GT007,0.25,3.3,0.5,8.5,8.5831,1.531,29.045,3.632,14.375,provisional_generator_only,KINEMATIC_TABLE row 7,calculation_passed,83,0.00024208380306381394,0.005190597629962657,0.015404029735204383,0.016990936384164712,phase1,pi-|pi+,79,8,24734-24832,direct SIDIS run types
GT008,0.25,3.3,0.36,2.0,8.5831,1.531,29.045,2.615,7.865,provisional_generator_only,KINEMATIC_TABLE row 8,calculation_passed,162,0.00024208380306381394,0.005190597629962657,0.01133932132840576,0.006990936384164037,phase1,pi-|pi+,144,30,23876-24610,direct SIDIS run types
GT018,0.25,3.3,0.5,-0.2,10.6716,3.642,16.75,3.632,8.11,provisional_generator_only,KINEMATIC_TABLE row 18,calculation_passed,37,0.0001650147359016363,1.5462460352111407e-05,0.017053706139580127,0.004456223642582191,phase1,pi-|pi+,37,0,25499-25548,direct SIDIS run types
GT031,0.31,3.1,0.5,2.2,6.4724,1.165,37.325,2.806,9.43,provisional_generator_only,KINEMATIC_TABLE row 31,calculation_passed,6,9.273637893902897e-05,0.011609599249338132,0.029349404489891318,0.028569153087204313,phase2,pi-|pi+,6,0,27749-27754,direct SIDIS run types
GT034,0.16,1.6,0.5,2.0,8.5814,3.254,13.76,2.661,10.12,provisional_generator_only,KINEMATIC_TABLE row 34,calculation_passed,2,0.00032633283520203116,0.0027985898567537415,0.0001797808079219143,0.00578575628128597,phase2,pi-,2,0,27756-27757,direct SIDIS run types
GT036,0.16,1.6,0.5,0.1,8.5814,3.254,13.76,2.738,8.26,provisional_generator_only,KINEMATIC_TABLE row 36,calculation_passed,7,0.00032633283520203116,0.0027985898567537415,0.01461407712225471,0.03421424371871459,phase2,pi-|pi+,7,0,27765-27771,direct SIDIS run types
GT042,0.31,3.1,0.52,3.8,8.5814,3.254,19.185,2.978,14.79,provisional_generator_only,KINEMATIC_TABLE row 42,calculation_passed,22,0.00025474893646981744,0.0016481528513492272,,,phase2,pi-,0,22,27995-28020,inferred from consistently negative SHMS polarity in support runs
GT047,0.31,3.1,0.5,2.0,10.6759,5.343,13.5,2.806,14.74,provisional_generator_only,KINEMATIC_TABLE row 47,calculation_passed,28,0.004977533223327335,0.05211319592327479,0.026818238282990348,0.08640463558620404,phase2,pi+|pi-,16,12,28110-28416,direct SIDIS run types
GT049,0.31,3.1,0.5,-1.0,10.6759,5.343,13.5,2.806,11.745,provisional_generator_only,KINEMATIC_TABLE row 49,calculation_passed,18,0.004977533223327335,0.05211319592327479,0.026818238282990348,0.07640463558620425,phase2,pi+|pi-,18,0,28124-28141,direct SIDIS run types
GT054,0.44,4.4,-999,-999,10.6759,5.343,15.965,6.163,20.79,provisional_generator_only,KINEMATIC_TABLE row 54,calculation_passed,4,0.00030829211782529287,0.00018061088428211747,,,phase2,,0,4,28385-28388,
