pdf_page,x,Q2,Wprime2,z,theta_pq,epsilon,theta_pigamma,ebeam,hms_p,hms_th,shms_p,shms_th,reaction,notes
3,0.25,3.3,1.5,0.90,-0.8,0.59,-0.8,10.670,-3.642,16.750,6.538,7.510,electron_pi+,
7,0.25,3.3,3.9,0.67,-0.8,0.59,-0.8,10.670,-3.642,16.750,4.868,7.510,electron_pi+,
12,0.25,3.3,5.6,0.50,-0.8,0.59,-0.8,10.670,-3.642,16.750,3.632,7.510,electron_pi+,
17,0.25,3.3,1.5,0.90,-0.8,0.59,-0.8,10.670,-3.642,16.750,-6.538,7.510,electron_pi-,
21,0.25,3.3,3.9,0.67,-0.8,0.59,-0.8,10.670,-3.642,16.750,-4.868,7.510,electron_pi-,
25,0.25,3.3,5.6,0.50,-0.8,0.59,-0.8,10.670,-3.642,16.750,-3.632,7.510,electron_pi-,
29,0.25,3.3,1.5,0.90,2.0,0.59,2.0,10.670,-3.642,16.750,-6.538,10.310,electron_pi-,
32,0.25,3.3,3.8,0.67,2.0,0.59,2.0,10.670,-3.642,16.750,-4.868,10.310,electron_pi-,corrected from table 7.510; page setup instruction specifies SHMS angle 10.310
36,0.25,3.3,5.6,0.50,2.0,0.59,2.0,10.670,-3.642,16.750,-3.632,10.310,electron_pi-,
40,0.25,3.3,7.0,0.36,2.0,0.59,2.0,10.670,-3.642,16.750,-2.615,10.310,electron_pi-,
43,0.25,3.3,1.5,0.90,2.0,0.59,2.0,10.670,-3.642,16.750,6.538,10.310,electron_pi+,
46,0.25,3.3,3.8,0.67,2.0,0.59,2.0,10.670,-3.642,16.750,4.868,10.310,electron_pi+,
50,0.25,3.3,5.6,0.50,2.0,0.59,2.0,10.670,-3.642,16.750,3.632,10.310,electron_pi+,
54,0.25,3.3,7.0,0.36,2.0,0.59,2.0,10.670,-3.642,16.750,2.615,10.310,electron_pi+,
58,0.25,3.3,5.4,0.50,5.2,0.59,5.2,10.670,-3.642,16.750,3.632,13.510,electron_pi+,
62,0.25,3.3,5.0,0.50,8.5,0.59,8.5,10.670,-3.642,16.750,3.632,16.810,electron_pi+,
64,0.25,3.3,5.0,0.50,8.5,0.59,8.5,10.670,-3.642,16.750,-3.632,16.810,electron_pi-,
66,0.25,3.3,5.4,0.50,5.2,0.59,5.2,10.670,-3.642,16.750,-3.632,13.510,electron_pi-,
68,0.25,3.3,5.6,0.50,2.0,0.59,2.0,10.670,-3.642,16.750,-3.632,10.310,electron_pi-,
76,0.25,3.3,5.6,0.50,2.0,0.59,2.0,10.670,-3.642,16.750,-3.632,10.310,electron_pi-,
