setting_id,x,Q2,z,theta_pq,ebeam,hms_p,hms_th,shms_p,shms_th,runplan_phases,source_pages
RP001,0.25,3.3,0.9,-0.8,10.67,3.642,16.75,6.538,7.51,1,1:3|1:17
RP002,0.25,3.3,0.67,-0.8,10.67,3.642,16.75,4.868,7.51,1,1:7|1:21
RP003,0.25,3.3,0.5,-0.8,10.67,3.642,16.75,3.632,7.51,1,1:12|1:25
RP004,0.25,3.3,0.9,2.0,10.67,3.642,16.75,6.538,10.31,1,1:29|1:43
RP005,0.25,3.3,0.67,2.0,10.67,3.642,16.75,4.868,10.31,1,1:32|1:46
RP006,0.25,3.3,0.5,2.0,10.67,3.642,16.75,3.632,10.31,1,1:36|1:50|1:68|1:76
RP007,0.25,3.3,0.36,2.0,10.67,3.642,16.75,2.615,10.31,1,1:40|1:54
RP008,0.25,3.3,0.5,5.2,10.67,3.642,16.75,3.632,13.51,1,1:58|1:66
RP009,0.25,3.3,0.5,8.5,10.67,3.642,16.75,3.632,16.81,1,1:62|1:64
RP010,0.22,2.2,0.5,2.0,6.49,1.165,31.28,2.766,8.28,2,2:4|2:9
RP011,0.22,2.2,0.9,2.0,6.49,1.165,31.28,4.978,8.28,2,2:7
RP012,0.44,4.4,0.9,2.0,6.49,1.165,44.83,5.154,10.25,2,2:11
RP013,0.44,4.4,0.67,2.0,6.494,1.165,44.83,3.837,10.25,2,2:13|2:24
RP014,0.44,4.4,0.52,2.0,6.494,1.165,44.83,2.978,10.25,2,2:15|2:26
RP015,0.16,1.6,0.5,2.0,6.49,1.165,26.59,2.738,7.5,2,2:29|2:35
RP016,0.16,1.6,0.9,2.0,6.49,1.165,26.59,4.929,7.5,2,2:32
RP017,0.31,3.1,0.9,2.0,6.49,1.165,37.33,5.051,9.23,2,2:50
RP018,0.31,3.1,0.5,2.0,6.49,1.165,37.33,2.806,9.23,2,2:52|2:55
RP019,0.16,1.6,0.5,2.0,8.58,3.254,13.75,2.738,10.12,2,2:65|2:71
RP020,0.16,1.6,0.5,0.0,8.58,3.254,13.75,2.738,8.12,2,2:67|2:74
RP021,0.16,1.6,0.9,2.0,8.58,3.254,13.75,4.929,10.12,2,2:69
RP022,0.22,2.2,0.9,2.0,8.58,3.254,16.13,4.978,11.41,2,2:76
RP023,0.22,2.2,0.5,2.0,8.58,3.254,16.13,2.766,11.41,2,2:78|2:86
RP024,0.22,2.2,0.5,-1.0,8.58,3.254,16.13,2.766,8.41,2,2:81|2:83
RP025,0.31,3.1,0.5,2.0,8.58,3.254,19.18,2.806,12.98,2,2:88|2:92
RP026,0.31,3.1,0.9,2.0,8.58,3.254,19.18,5.051,12.98,2,2:90
RP027,0.44,4.4,0.9,2.0,8.58,3.254,22.89,5.154,14.77,2,2:95
RP028,0.44,4.4,0.67,2.0,8.58,3.254,22.89,3.837,14.77,2,2:97|2:104
RP029,0.44,4.4,0.52,2.0,8.58,3.254,22.89,2.978,14.77,2,2:99|2:106
RP030,0.25,3.3,0.5,11.7,8.56,1.531,29.05,3.632,17.57,2,2:124
RP031,0.31,3.1,0.9,2.0,10.67,5.343,13.39,5.051,14.74,2,2:129
RP032,0.31,3.1,0.5,2.0,10.67,5.343,13.39,2.806,14.74,2,2:131|2:139
RP033,0.31,3.1,0.5,-1.0,10.67,5.343,13.39,2.806,11.74,2,2:134|2:137
RP034,0.44,4.4,0.9,2.0,10.67,5.343,15.97,5.154,16.87,2,2:141|2:163|2:180
RP035,0.44,4.4,0.67,2.0,10.67,5.343,15.97,3.837,16.87,2,2:143|2:165
RP036,0.44,4.4,0.67,0.0,10.67,5.343,15.97,3.837,14.87,2,2:146|2:167
RP037,0.44,4.4,0.67,-2.0,10.67,5.343,15.97,3.837,12.87,2,2:148|2:169
RP038,0.44,4.4,0.52,-2.0,10.67,5.343,15.97,2.978,12.87,2,2:150|2:171|2:196
RP039,0.44,4.4,0.52,0.0,10.67,5.343,15.97,2.978,14.87,2,2:155|2:174|2:197
RP040,0.44,4.4,0.52,2.0,10.67,5.343,15.97,2.978,16.87,2,2:159|2:177|2:198
RP041,0.31,3.1,0.9,2.0,10.67,5.343,13.49,5.051,14.74,2,2:187|2:188
RP042,0.25,3.3,0.5,5.2,10.68,3.642,16.75,3.632,13.51,2,2:191
RP043,0.25,3.3,0.5,11.7,10.67,3.642,16.75,3.632,20.01,2,2:194
