simc_setting_id,setting_id,phase,channel,x,Q2,z,theta_pq,ebeam,hms_p_magnitude,hms_th,shms_p_magnitude,shms_th,provenance,credibility_status,source_reference,observed_sidis_runs,observed_run_range,channel_inference
RP001_phase1_piplus,RP001,phase1,pi+,0.25,3.3,0.9,-0.8,10.67,3.642,16.75,6.538,7.51,authoritative_runplan,authoritative,1:3|1:17,19,24877-24903,direct SIDIS run types
RP001_phase1_piminus,RP001,phase1,pi-,0.25,3.3,0.9,-0.8,10.67,3.642,16.75,6.538,7.51,authoritative_runplan,authoritative,1:3|1:17,16,25010-25041,direct SIDIS run types
RP002_phase1_piplus,RP002,phase1,pi+,0.25,3.3,0.67,-0.8,10.67,3.642,16.75,4.868,7.51,authoritative_runplan,authoritative,1:7|1:21,38,24907-24959,direct SIDIS run types
RP002_phase1_piminus,RP002,phase1,pi-,0.25,3.3,0.67,-0.8,10.67,3.642,16.75,4.868,7.51,authoritative_runplan,authoritative,1:7|1:21,25,25044-25074,direct SIDIS run types
RP003_phase1_piplus,RP003,phase1,pi+,0.25,3.3,0.5,-0.8,10.67,3.642,16.75,3.632,7.51,authoritative_runplan,authoritative,1:12|1:25,33,24960-25008,direct SIDIS run types
RP003_phase1_piminus,RP003,phase1,pi-,0.25,3.3,0.5,-0.8,10.67,3.642,16.75,3.632,7.51,authoritative_runplan,authoritative,1:12|1:25,34,25076-25121,direct SIDIS run types
RP004_phase1_piminus,RP004,phase1,pi-,0.25,3.3,0.9,2.0,10.67,3.642,16.75,6.538,10.31,authoritative_runplan,authoritative,1:29|1:43,11,25122-25135,direct SIDIS run types
RP004_phase1_piplus,RP004,phase1,pi+,0.25,3.3,0.9,2.0,10.67,3.642,16.75,6.538,10.31,authoritative_runplan,authoritative,1:29|1:43,16,25227-25252,direct SIDIS run types
RP005_phase1_piminus,RP005,phase1,pi-,0.25,3.3,0.67,2.0,10.67,3.642,16.75,4.868,10.31,authoritative_runplan,authoritative,1:32|1:46,23,25138-25171,direct SIDIS run types
RP005_phase1_piplus,RP005,phase1,pi+,0.25,3.3,0.67,2.0,10.67,3.642,16.75,4.868,10.31,authoritative_runplan,authoritative,1:32|1:46,17,25255-25279,direct SIDIS run types
RP006_phase1_piminus,RP006,phase1,pi-,0.25,3.3,0.5,2.0,10.67,3.642,16.75,3.632,10.31,authoritative_runplan,authoritative,1:36|1:50|1:68|1:76,49,25181-25498,direct SIDIS run types
RP006_phase1_piplus,RP006,phase1,pi+,0.25,3.3,0.5,2.0,10.67,3.642,16.75,3.632,10.31,authoritative_runplan,authoritative,1:36|1:50|1:68|1:76,30,25280-25468,direct SIDIS run types
RP007_phase1_piminus,RP007,phase1,pi-,0.25,3.3,0.36,2.0,10.67,3.642,16.75,2.615,10.31,authoritative_runplan,authoritative,1:40|1:54,13,25205-25222,direct SIDIS run types
RP007_phase1_piplus,RP007,phase1,pi+,0.25,3.3,0.36,2.0,10.67,3.642,16.75,2.615,10.31,authoritative_runplan,authoritative,1:40|1:54,23,25318-25474,direct SIDIS run types
RP008_phase1_piplus,RP008,phase1,pi+,0.25,3.3,0.5,5.2,10.67,3.642,16.75,3.632,13.51,authoritative_runplan,authoritative,1:58|1:66|2:191,23,25356-25466,direct SIDIS run types
RP008_phase1_piminus,RP008,phase1,pi-,0.25,3.3,0.5,5.2,10.67,3.642,16.75,3.632,13.51,authoritative_runplan,authoritative,1:58|1:66|2:191,10,25434-25462,direct SIDIS run types
RP008_phase2_piplus,RP008,phase2,pi+,0.25,3.3,0.5,5.2,10.67,3.642,16.75,3.632,13.51,authoritative_runplan,authoritative,1:58|1:66|2:191,7,28425-28441,direct SIDIS run types
RP009_phase1_piplus,RP009,phase1,pi+,0.25,3.3,0.5,8.5,10.67,3.642,16.75,3.632,16.81,authoritative_runplan,authoritative,1:62|1:64,9,25384-25464,direct SIDIS run types
RP009_phase1_piminus,RP009,phase1,pi-,0.25,3.3,0.5,8.5,10.67,3.642,16.75,3.632,16.81,authoritative_runplan,authoritative,1:62|1:64,11,25423-25463,direct SIDIS run types
RP010_phase2_piminus,RP010,phase2,pi-,0.22,2.2,0.5,2.0,6.49,1.165,31.28,2.766,8.28,authoritative_runplan,authoritative,2:4|2:9,35,27122-27506,direct SIDIS run types
RP010_phase2_piplus,RP010,phase2,pi+,0.22,2.2,0.5,2.0,6.49,1.165,31.28,2.766,8.28,authoritative_runplan,authoritative,2:4|2:9,27,27162-27515,direct SIDIS run types
RP011_phase2_piplus,RP011,phase2,pi+,0.22,2.2,0.9,2.0,6.49,1.165,31.28,4.978,8.28,authoritative_runplan,authoritative,2:7,6,27156-27510,direct SIDIS run types
RP012_phase2_piplus,RP012,phase2,pi+,0.44,4.4,0.9,2.0,6.49,1.165,44.83,5.154,10.25,authoritative_runplan,authoritative,2:11,12,27189-27563,direct SIDIS run types
RP013_phase2_piplus,RP013,phase2,pi+,0.44,4.4,0.67,2.0,6.494,1.165,44.83,3.837,10.25,authoritative_runplan,authoritative,2:13|2:24,34,27201-27586,direct SIDIS run types
RP013_phase2_piminus,RP013,phase2,pi-,0.44,4.4,0.67,2.0,6.494,1.165,44.83,3.837,10.25,authoritative_runplan,authoritative,2:13|2:24,37,27358-27548,direct SIDIS run types
RP014_phase2_piplus,RP014,phase2,pi+,0.44,4.4,0.52,2.0,6.494,1.165,44.83,2.978,10.25,authoritative_runplan,authoritative,2:15|2:26,122,27236-27748,direct SIDIS run types
RP014_phase2_piminus,RP014,phase2,pi-,0.44,4.4,0.52,2.0,6.494,1.165,44.83,2.978,10.25,authoritative_runplan,authoritative,2:15|2:26,68,27399-27641,direct SIDIS run types
RP015_phase2_piminus,RP015,phase2,pi-,0.16,1.6,0.5,2.0,6.49,1.165,26.59,2.738,7.5,authoritative_runplan,authoritative,2:29|2:35,24,27442-27502,direct SIDIS run types
RP015_phase2_piplus,RP015,phase2,pi+,0.16,1.6,0.5,2.0,6.49,1.165,26.59,2.738,7.5,authoritative_runplan,authoritative,2:29|2:35,16,27473-27497,direct SIDIS run types
RP016_phase2_piplus,RP016,phase2,pi+,0.16,1.6,0.9,2.0,6.49,1.165,26.59,4.929,7.5,authoritative_runplan,authoritative,2:32,6,27467-27493,direct SIDIS run types
RP017_phase2_piplus,RP017,phase2,pi+,0.31,3.1,0.9,2.0,6.49,1.165,37.33,5.051,9.23,authoritative_runplan,authoritative,2:50,6,27516-27644,direct SIDIS run types
RP018_phase2_piplus,RP018,phase2,pi+,0.31,3.1,0.5,2.0,6.49,1.165,37.33,2.806,9.23,authoritative_runplan,authoritative,2:52|2:55,51,27536-27702,direct SIDIS run types
RP018_phase2_piminus,RP018,phase2,pi-,0.31,3.1,0.5,2.0,6.49,1.165,37.33,2.806,9.23,authoritative_runplan,authoritative,2:52|2:55,32,27541-27732,direct SIDIS run types
RP019_phase2_piminus,RP019,phase2,pi-,0.16,1.6,0.5,2.0,8.58,3.254,13.75,2.738,10.12,authoritative_runplan,authoritative,2:65|2:71,7,27758-28082,direct SIDIS run types
RP019_phase2_piplus,RP019,phase2,pi+,0.16,1.6,0.5,2.0,8.58,3.254,13.75,2.738,10.12,authoritative_runplan,authoritative,2:65|2:71,8,27774-28069,direct SIDIS run types
RP020_phase2_piplus,RP020,phase2,pi+,0.16,1.6,0.5,0.0,8.58,3.254,13.75,2.738,8.12,authoritative_runplan,authoritative,2:67|2:74,2,28076-28077,direct SIDIS run types
RP020_phase2_piminus,RP020,phase2,pi-,0.16,1.6,0.5,0.0,8.58,3.254,13.75,2.738,8.12,authoritative_runplan,authoritative,2:67|2:74,2,28078-28080,direct SIDIS run types
RP021_phase2_piplus,RP021,phase2,pi+,0.16,1.6,0.9,2.0,8.58,3.254,13.75,4.929,10.12,authoritative_runplan,authoritative,2:69,2,27772-27773,direct SIDIS run types
RP022_phase2_piplus,RP022,phase2,pi+,0.22,2.2,0.9,2.0,8.58,3.254,16.13,4.978,11.41,authoritative_runplan,authoritative,2:76,2,27787-27788,direct SIDIS run types
RP023_phase2_piplus,RP023,phase2,pi+,0.22,2.2,0.5,2.0,8.58,3.254,16.13,2.766,11.41,authoritative_runplan,authoritative,2:78|2:86,6,27789-28062,direct SIDIS run types
RP023_phase2_piminus,RP023,phase2,pi-,0.22,2.2,0.5,2.0,8.58,3.254,16.13,2.766,11.41,authoritative_runplan,authoritative,2:78|2:86,20,27807-28059,direct SIDIS run types
RP024_phase2_piplus,RP024,phase2,pi+,0.22,2.2,0.5,-1.0,8.58,3.254,16.13,2.766,8.41,authoritative_runplan,authoritative,2:81|2:83,6,27799-28066,direct SIDIS run types
RP024_phase2_piminus,RP024,phase2,pi-,0.22,2.2,0.5,-1.0,8.58,3.254,16.13,2.766,8.41,authoritative_runplan,authoritative,2:81|2:83,6,27803-28057,direct SIDIS run types
RP025_phase2_piminus,RP025,phase2,pi-,0.31,3.1,0.5,2.0,8.58,3.254,19.18,2.806,12.98,authoritative_runplan,authoritative,2:88|2:92,14,27828-28055,direct SIDIS run types
RP025_phase2_piplus,RP025,phase2,pi+,0.31,3.1,0.5,2.0,8.58,3.254,19.18,2.806,12.98,authoritative_runplan,authoritative,2:88|2:92,14,27844-28051,direct SIDIS run types
RP026_phase2_piplus,RP026,phase2,pi+,0.31,3.1,0.9,2.0,8.58,3.254,19.18,5.051,12.98,authoritative_runplan,authoritative,2:90,3,27841-27843,direct SIDIS run types
RP027_phase2_piplus,RP027,phase2,pi+,0.44,4.4,0.9,2.0,8.58,3.254,22.89,5.154,14.77,authoritative_runplan,authoritative,2:95,2,27858-27859,direct SIDIS run types
RP028_phase2_piplus,RP028,phase2,pi+,0.44,4.4,0.67,2.0,8.58,3.254,22.89,3.837,14.77,authoritative_runplan,authoritative,2:97|2:104,12,27860-28027,direct SIDIS run types
RP028_phase2_piminus,RP028,phase2,pi-,0.44,4.4,0.67,2.0,8.58,3.254,22.89,3.837,14.77,authoritative_runplan,authoritative,2:97|2:104,22,27932-28026,direct SIDIS run types
RP029_phase2_piplus,RP029,phase2,pi+,0.44,4.4,0.52,2.0,8.58,3.254,22.89,2.978,14.77,authoritative_runplan,authoritative,2:99|2:106,42,27875-28039,direct SIDIS run types
RP029_phase2_piminus,RP029,phase2,pi-,0.44,4.4,0.52,2.0,8.58,3.254,22.89,2.978,14.77,authoritative_runplan,authoritative,2:99|2:106,35,27956-28024,direct SIDIS run types
RP034_phase2_piplus,RP034,phase2,pi+,0.44,4.4,0.9,2.0,10.67,5.343,15.97,5.154,16.87,authoritative_runplan,authoritative,2:141|2:163|2:180,4,28155-28379,direct SIDIS run types
RP034_phase2_piminus,RP034,phase2,pi-,0.44,4.4,0.9,2.0,10.67,5.343,15.97,5.154,16.87,authoritative_runplan,authoritative,2:141|2:163|2:180,3,28268-28270,direct SIDIS run types
RP035_phase2_piplus,RP035,phase2,pi+,0.44,4.4,0.67,2.0,10.67,5.343,15.97,3.837,16.87,authoritative_runplan,authoritative,2:143|2:165,11,28157-28169,direct SIDIS run types
RP035_phase2_piminus,RP035,phase2,pi-,0.44,4.4,0.67,2.0,10.67,5.343,15.97,3.837,16.87,authoritative_runplan,authoritative,2:143|2:165,14,28280-28294,direct SIDIS run types
RP036_phase2_piplus,RP036,phase2,pi+,0.44,4.4,0.67,0.0,10.67,5.343,15.97,3.837,14.87,authoritative_runplan,authoritative,2:146|2:167,8,28172-28179,direct SIDIS run types
RP036_phase2_piminus,RP036,phase2,pi-,0.44,4.4,0.67,0.0,10.67,5.343,15.97,3.837,14.87,authoritative_runplan,authoritative,2:146|2:167,10,28295-28305,direct SIDIS run types
RP037_phase2_piplus,RP037,phase2,pi+,0.44,4.4,0.67,-2.0,10.67,5.343,15.97,3.837,12.87,authoritative_runplan,authoritative,2:148|2:169,7,28180-28186,direct SIDIS run types
RP037_phase2_piminus,RP037,phase2,pi-,0.44,4.4,0.67,-2.0,10.67,5.343,15.97,3.837,12.87,authoritative_runplan,authoritative,2:148|2:169,12,28306-28318,direct SIDIS run types
RP038_phase2_piplus,RP038,phase2,pi+,0.44,4.4,0.52,-2.0,10.67,5.343,15.97,2.978,12.87,authoritative_runplan,authoritative,2:150|2:171|2:196,36,28187-28471,direct SIDIS run types
RP038_phase2_piminus,RP038,phase2,pi-,0.44,4.4,0.52,-2.0,10.67,5.343,15.97,2.978,12.87,authoritative_runplan,authoritative,2:150|2:171|2:196,16,28319-28336,direct SIDIS run types
RP039_phase2_piplus,RP039,phase2,pi+,0.44,4.4,0.52,0.0,10.67,5.343,15.97,2.978,14.87,authoritative_runplan,authoritative,2:155|2:174|2:197,22,28220-28469,direct SIDIS run types
RP039_phase2_piminus,RP039,phase2,pi-,0.44,4.4,0.52,0.0,10.67,5.343,15.97,2.978,14.87,authoritative_runplan,authoritative,2:155|2:174|2:197,13,28337-28356,direct SIDIS run types
RP040_phase2_piplus,RP040,phase2,pi+,0.44,4.4,0.52,2.0,10.67,5.343,15.97,2.978,16.87,authoritative_runplan,authoritative,2:159|2:177|2:198,27,28245-28467,direct SIDIS run types
RP040_phase2_piminus,RP040,phase2,pi-,0.44,4.4,0.52,2.0,10.67,5.343,15.97,2.978,16.87,authoritative_runplan,authoritative,2:159|2:177|2:198,15,28357-28378,direct SIDIS run types
RP041_phase2_piplus,RP041,phase2,pi+,0.31,3.1,0.9,2.0,10.67,5.343,13.49,5.051,14.74,authoritative_runplan,authoritative,2:187|2:188,4,28108-28418,direct SIDIS run types
RP041_phase2_piminus,RP041,phase2,pi-,0.31,3.1,0.9,2.0,10.67,5.343,13.49,5.051,14.74,authoritative_runplan,authoritative,2:187|2:188,6,28419-28424,direct SIDIS run types
RP043_phase2_piplus,RP043,phase2,pi+,0.25,3.3,0.5,11.7,10.67,3.642,16.75,3.632,20.01,authoritative_runplan,authoritative,2:194,14,28444-28458,direct SIDIS run types
GT001_phase1_piminus,GT001,phase1,pi-,0.25,3.3,0.9,2.0,8.5831,1.531,29.045,6.538,7.865,provisional_generator_only,calculation_passed,KINEMATIC_TABLE row 1,19,23957-24580,direct SIDIS run types
GT001_phase1_piplus,GT001,phase1,pi+,0.25,3.3,0.9,2.0,8.5831,1.531,29.045,6.538,7.865,provisional_generator_only,calculation_passed,KINEMATIC_TABLE row 1,25,24187-24550,direct SIDIS run types
GT002_phase1_piminus,GT002,phase1,pi-,0.25,3.3,0.67,2.0,8.5831,1.531,29.045,4.868,7.865,provisional_generator_only,calculation_passed,KINEMATIC_TABLE row 2,92,23977-24588,direct SIDIS run types
GT002_phase1_piplus,GT002,phase1,pi+,0.25,3.3,0.67,2.0,8.5831,1.531,29.045,4.868,7.865,provisional_generator_only,calculation_passed,KINEMATIC_TABLE row 2,68,24213-24557,direct SIDIS run types
GT005_phase1_piminus,GT005,phase1,pi-,0.25,3.3,0.5,2.0,8.5831,1.531,29.045,3.632,7.865,provisional_generator_only,calculation_passed,KINEMATIC_TABLE row 5,81,24089-24597,direct SIDIS run types
GT005_phase1_piplus,GT005,phase1,pi+,0.25,3.3,0.5,2.0,8.5831,1.531,29.045,3.632,7.865,provisional_generator_only,calculation_passed,KINEMATIC_TABLE row 5,106,24310-24605,direct SIDIS run types
GT006_phase1_piminus,GT006,phase1,pi-,0.25,3.3,0.5,5.2,8.5831,1.531,29.045,3.632,11.075,provisional_generator_only,calculation_passed,KINEMATIC_TABLE row 6,49,23861-24864,direct SIDIS run types
GT006_phase1_piplus,GT006,phase1,pi+,0.25,3.3,0.5,5.2,8.5831,1.531,29.045,3.632,11.075,provisional_generator_only,calculation_passed,KINEMATIC_TABLE row 6,72,24611-24874,direct SIDIS run types
GT007_phase1_piminus,GT007,phase1,pi-,0.25,3.3,0.5,8.5,8.5831,1.531,29.045,3.632,14.375,provisional_generator_only,calculation_passed,KINEMATIC_TABLE row 7,35,24734-24832,direct SIDIS run types
GT007_phase1_piplus,GT007,phase1,pi+,0.25,3.3,0.5,8.5,8.5831,1.531,29.045,3.632,14.375,provisional_generator_only,calculation_passed,KINEMATIC_TABLE row 7,44,24779-24828,direct SIDIS run types
GT008_phase1_piminus,GT008,phase1,pi-,0.25,3.3,0.36,2.0,8.5831,1.531,29.045,2.615,7.865,provisional_generator_only,calculation_passed,KINEMATIC_TABLE row 8,50,23876-24600,direct SIDIS run types
GT008_phase1_piplus,GT008,phase1,pi+,0.25,3.3,0.36,2.0,8.5831,1.531,29.045,2.615,7.865,provisional_generator_only,calculation_passed,KINEMATIC_TABLE row 8,94,24428-24610,direct SIDIS run types
GT018_phase1_piminus,GT018,phase1,pi-,0.25,3.3,0.5,-0.2,10.6716,3.642,16.75,3.632,8.11,provisional_generator_only,calculation_passed,KINEMATIC_TABLE row 18,27,25499-25538,direct SIDIS run types
GT018_phase1_piplus,GT018,phase1,pi+,0.25,3.3,0.5,-0.2,10.6716,3.642,16.75,3.632,8.11,provisional_generator_only,calculation_passed,KINEMATIC_TABLE row 18,10,25539-25548,direct SIDIS run types
GT031_phase2_piminus,GT031,phase2,pi-,0.31,3.1,0.5,2.2,6.4724,1.165,37.325,2.806,9.43,provisional_generator_only,calculation_passed,KINEMATIC_TABLE row 31,4,27749-27752,direct SIDIS run types
GT031_phase2_piplus,GT031,phase2,pi+,0.31,3.1,0.5,2.2,6.4724,1.165,37.325,2.806,9.43,provisional_generator_only,calculation_passed,KINEMATIC_TABLE row 31,2,27753-27754,direct SIDIS run types
GT034_phase2_piminus,GT034,phase2,pi-,0.16,1.6,0.5,2.0,8.5814,3.254,13.76,2.661,10.12,provisional_generator_only,calculation_passed,KINEMATIC_TABLE row 34,2,27756-27757,direct SIDIS run types
GT036_phase2_piminus,GT036,phase2,pi-,0.16,1.6,0.5,0.1,8.5814,3.254,13.76,2.738,8.26,provisional_generator_only,calculation_passed,KINEMATIC_TABLE row 36,4,27765-27768,direct SIDIS run types
GT036_phase2_piplus,GT036,phase2,pi+,0.16,1.6,0.5,0.1,8.5814,3.254,13.76,2.738,8.26,provisional_generator_only,calculation_passed,KINEMATIC_TABLE row 36,3,27769-27771,direct SIDIS run types
GT042_phase2_piminus,GT042,phase2,pi-,0.31,3.1,0.52,3.8,8.5814,3.254,19.185,2.978,14.79,provisional_generator_only,calculation_passed,KINEMATIC_TABLE row 42,0,,inferred from consistently negative SHMS polarity in support runs
GT047_phase2_piplus,GT047,phase2,pi+,0.31,3.1,0.5,2.0,10.6759,5.343,13.5,2.806,14.74,provisional_generator_only,calculation_passed,KINEMATIC_TABLE row 47,9,28110-28409,direct SIDIS run types
GT047_phase2_piminus,GT047,phase2,pi-,0.31,3.1,0.5,2.0,10.6759,5.343,13.5,2.806,14.74,provisional_generator_only,calculation_passed,KINEMATIC_TABLE row 47,7,28142-28154,direct SIDIS run types
GT049_phase2_piplus,GT049,phase2,pi+,0.31,3.1,0.5,-1.0,10.6759,5.343,13.5,2.806,11.745,provisional_generator_only,calculation_passed,KINEMATIC_TABLE row 49,12,28124-28135,direct SIDIS run types
GT049_phase2_piminus,GT049,phase2,pi-,0.31,3.1,0.5,-1.0,10.6759,5.343,13.5,2.806,11.745,provisional_generator_only,calculation_passed,KINEMATIC_TABLE row 49,6,28136-28141,direct SIDIS run types
