severity,run,run_type,column,source_file,issue,group_value,rp_value,difference,note
warning,23839,SHMSHEEP,kinematics,/Users/radwanparvez/Documents/JLab/JLab_upstream_forks/hallc_replay_rsidis/AUX_FILES/util/verify_bigtable/nominal_kinematics_map.csv,no nominal-setting map match,,,,nearest=RP012; outside=ebeam=+2.0931 (tol=0.05);hms_p=+1.115 (tol=0.015);hms_th=-2.83 (tol=0.02);shms_p=+1.916 (tol=0.015);shms_th=+2.215 (tol=0.02)
warning,23840,SHMSHEEP,kinematics,/Users/radwanparvez/Documents/JLab/JLab_upstream_forks/hallc_replay_rsidis/AUX_FILES/util/verify_bigtable/nominal_kinematics_map.csv,no nominal-setting map match,,,,nearest=RP012; outside=ebeam=+2.0931 (tol=0.05);hms_p=+1.115 (tol=0.015);hms_th=-2.83 (tol=0.02);shms_p=+1.916 (tol=0.015);shms_th=+2.215 (tol=0.02)
warning,23841,SHMSHEEP,kinematics,/Users/radwanparvez/Documents/JLab/JLab_upstream_forks/hallc_replay_rsidis/AUX_FILES/util/verify_bigtable/nominal_kinematics_map.csv,no nominal-setting map match,,,,nearest=RP012; outside=ebeam=+2.0931 (tol=0.05);hms_p=+1.115 (tol=0.015);hms_th=-2.83 (tol=0.02);shms_p=+1.916 (tol=0.015);shms_th=+2.215 (tol=0.02)
warning,23842,SHMSHEEP,kinematics,/Users/radwanparvez/Documents/JLab/JLab_upstream_forks/hallc_replay_rsidis/AUX_FILES/util/verify_bigtable/nominal_kinematics_map.csv,no nominal-setting map match,,,,nearest=RP012; outside=ebeam=+2.0931 (tol=0.05);hms_p=+1.115 (tol=0.015);hms_th=-2.83 (tol=0.02);shms_p=+1.916 (tol=0.015);shms_th=+2.215 (tol=0.02)
warning,23844,SHMSHEEP,kinematics,/Users/radwanparvez/Documents/JLab/JLab_upstream_forks/hallc_replay_rsidis/AUX_FILES/util/verify_bigtable/nominal_kinematics_map.csv,no nominal-setting map match,,,,nearest=RP012; outside=ebeam=+2.0931 (tol=0.05);hms_p=+1.115 (tol=0.015);hms_th=-2.83 (tol=0.02);shms_p=+1.916 (tol=0.015);shms_th=+2.215 (tol=0.02)
warning,23845,SHMSHEEP,kinematics,/Users/radwanparvez/Documents/JLab/JLab_upstream_forks/hallc_replay_rsidis/AUX_FILES/util/verify_bigtable/nominal_kinematics_map.csv,no nominal-setting map match,,,,nearest=RP012; outside=ebeam=+2.0931 (tol=0.05);hms_p=+1.115 (tol=0.015);hms_th=-2.83 (tol=0.02);shms_p=+1.916 (tol=0.015);shms_th=+2.215 (tol=0.02)
warning,23846,SHMSHEEP,kinematics,/Users/radwanparvez/Documents/JLab/JLab_upstream_forks/hallc_replay_rsidis/AUX_FILES/util/verify_bigtable/nominal_kinematics_map.csv,no nominal-setting map match,,,,nearest=RP012; outside=ebeam=+2.0931 (tol=0.05);hms_p=+1.115 (tol=0.015);hms_th=-2.83 (tol=0.02);shms_p=+1.916 (tol=0.015);shms_th=+2.215 (tol=0.02)
warning,23847,SHMSHEEP,kinematics,/Users/radwanparvez/Documents/JLab/JLab_upstream_forks/hallc_replay_rsidis/AUX_FILES/util/verify_bigtable/nominal_kinematics_map.csv,no nominal-setting map match,,,,nearest=RP012; outside=ebeam=+2.0931 (tol=0.05);hms_p=+1.115 (tol=0.015);hms_th=-2.83 (tol=0.02);shms_p=+1.916 (tol=0.015);shms_th=+2.215 (tol=0.02)
warning,23848,SHMSHEEP,kinematics,/Users/radwanparvez/Documents/JLab/JLab_upstream_forks/hallc_replay_rsidis/AUX_FILES/util/verify_bigtable/nominal_kinematics_map.csv,no nominal-setting map match,,,,nearest=RP012; outside=ebeam=+2.0931 (tol=0.05);hms_p=+1.115 (tol=0.015);hms_th=-2.83 (tol=0.02);shms_p=+1.916 (tol=0.015);shms_th=+2.215 (tol=0.02)
warning,23849,SHMSHEEP,kinematics,/Users/radwanparvez/Documents/JLab/JLab_upstream_forks/hallc_replay_rsidis/AUX_FILES/util/verify_bigtable/nominal_kinematics_map.csv,no nominal-setting map match,,,,nearest=GT007; outside=hms_p=+2.219 (tol=0.015);hms_th=+0.945 (tol=0.02);shms_p=+2.038 (tol=0.015);shms_th=+4.965 (tol=0.02)
warning,23850,SHMSHEEP,kinematics,/Users/radwanparvez/Documents/JLab/JLab_upstream_forks/hallc_replay_rsidis/AUX_FILES/util/verify_bigtable/nominal_kinematics_map.csv,no nominal-setting map match,,,,nearest=GT007; outside=hms_p=+2.219 (tol=0.015);hms_th=+0.945 (tol=0.02);shms_p=+2.038 (tol=0.015);shms_th=+4.965 (tol=0.02)
warning,23851,SHMSHEEP,kinematics,/Users/radwanparvez/Documents/JLab/JLab_upstream_forks/hallc_replay_rsidis/AUX_FILES/util/verify_bigtable/nominal_kinematics_map.csv,no nominal-setting map match,,,,nearest=GT007; outside=hms_p=+2.219 (tol=0.015);hms_th=+0.945 (tol=0.02);shms_p=+2.038 (tol=0.015);shms_th=+4.965 (tol=0.02)
warning,23853,HMSDIS,kinematics,/Users/radwanparvez/Documents/JLab/JLab_upstream_forks/hallc_replay_rsidis/AUX_FILES/util/verify_bigtable/nominal_kinematics_map.csv,no nominal-setting map match,,,,nearest=RP041; outside=ebeam=-2.0869 (tol=0.05);hms_p=-0.843 (tol=0.015);hms_th=+0.51 (tol=0.02);shms_p=-0.551 (tol=0.015);shms_th=-0.745 (tol=0.02)
warning,23855,HMSDIS,kinematics,/Users/radwanparvez/Documents/JLab/JLab_upstream_forks/hallc_replay_rsidis/AUX_FILES/util/verify_bigtable/nominal_kinematics_map.csv,no nominal-setting map match,,,,nearest=RP041; outside=ebeam=-2.0869 (tol=0.05);hms_p=-0.843 (tol=0.015);hms_th=+0.51 (tol=0.02);shms_p=-0.551 (tol=0.015);shms_th=-0.745 (tol=0.02)
warning,23856,SHMSDIS,kinematics,/Users/radwanparvez/Documents/JLab/JLab_upstream_forks/hallc_replay_rsidis/AUX_FILES/util/verify_bigtable/nominal_kinematics_map.csv,no nominal-setting map match,,,,nearest=RP041; outside=ebeam=-2.0869 (tol=0.05);hms_p=-0.843 (tol=0.015);hms_th=+0.51 (tol=0.02);shms_p=-0.551 (tol=0.015);shms_th=-0.745 (tol=0.02)
warning,23857,HMSDIS,kinematics,/Users/radwanparvez/Documents/JLab/JLab_upstream_forks/hallc_replay_rsidis/AUX_FILES/util/verify_bigtable/nominal_kinematics_map.csv,no nominal-setting map match,,,,nearest=RP041; outside=ebeam=-2.0869 (tol=0.05);hms_p=-0.843 (tol=0.015);hms_th=+0.51 (tol=0.02);shms_p=-0.551 (tol=0.015);shms_th=-0.745 (tol=0.02)
warning,23858,HMSDIS,kinematics,/Users/radwanparvez/Documents/JLab/JLab_upstream_forks/hallc_replay_rsidis/AUX_FILES/util/verify_bigtable/nominal_kinematics_map.csv,no nominal-setting map match,,,,nearest=RP041; outside=ebeam=-2.0869 (tol=0.05);hms_p=-0.843 (tol=0.015);hms_th=+0.51 (tol=0.02);shms_p=-0.551 (tol=0.015);shms_th=-0.745 (tol=0.02)
warning,23859,HMSDIS,kinematics,/Users/radwanparvez/Documents/JLab/JLab_upstream_forks/hallc_replay_rsidis/AUX_FILES/util/verify_bigtable/nominal_kinematics_map.csv,no nominal-setting map match,,,,nearest=RP041; outside=ebeam=-2.0869 (tol=0.05);hms_p=-0.843 (tol=0.015);hms_th=+0.51 (tol=0.02);shms_p=-0.551 (tol=0.015);shms_th=-0.745 (tol=0.02)
warning,23860,HMSDIS,kinematics,/Users/radwanparvez/Documents/JLab/JLab_upstream_forks/hallc_replay_rsidis/AUX_FILES/util/verify_bigtable/nominal_kinematics_map.csv,no nominal-setting map match,,,,nearest=RP041; outside=ebeam=-2.0869 (tol=0.05);hms_p=-0.843 (tol=0.015);hms_th=+0.51 (tol=0.02);shms_p=-0.551 (tol=0.015);shms_th=-0.745 (tol=0.02)
error,23959,BCM,target,runlist,RP value differs from group pass1 value,Home,NONE,,
error,23959,BCM,normyield,/Volumes/T7/RSIDIS/Pass1/REPORT_OUTPUT/COIN/PRODUCTION/output_get_good_coin_ev_23959_-1.csv,RP value differs from group pass1 value,nan,nan,nan,
error,23959,BCM,normyield_err,/Volumes/T7/RSIDIS/Pass1/REPORT_OUTPUT/COIN/PRODUCTION/output_get_good_coin_ev_23959_-1.csv,RP value differs from group pass1 value,nan,nan,nan,
error,24391,EDTMBCM,target,runlist,RP value differs from group pass1 value,HOME,NONE,,
error,24391,EDTMBCM,normyield,/Volumes/T7/RSIDIS/Pass1/REPORT_OUTPUT/COIN/PRODUCTION/output_get_good_coin_ev_24391_-1.csv,RP value differs from group pass1 value,nan,nan,nan,
error,24391,EDTMBCM,normyield_err,/Volumes/T7/RSIDIS/Pass1/REPORT_OUTPUT/COIN/PRODUCTION/output_get_good_coin_ev_24391_-1.csv,RP value differs from group pass1 value,nan,nan,nan,
error,24619,PI+SIDIS,report,/Volumes/T7/RSIDIS/Pass1/REPORT_OUTPUT/COIN/PRODUCTION/replay_coin_production_24619_-1.report,missing report file,,,,
error,24619,PI+SIDIS,monitor_csv,/Volumes/T7/RSIDIS/Pass1/REPORT_OUTPUT/COIN/PRODUCTION/output_get_good_coin_ev_24619_-1.csv,missing output CSV file,,,,
error,24699,PI-SIDIS,report,/Volumes/T7/RSIDIS/Pass1/REPORT_OUTPUT/COIN/PRODUCTION/replay_coin_production_24699_-1.report,missing report file,,,,
error,24699,PI-SIDIS,monitor_csv,/Volumes/T7/RSIDIS/Pass1/REPORT_OUTPUT/COIN/PRODUCTION/output_get_good_coin_ev_24699_-1.csv,missing output CSV file,,,,
warning,24833,SHMSHEE,kinematics,/Users/radwanparvez/Documents/JLab/JLab_upstream_forks/hallc_replay_rsidis/AUX_FILES/util/verify_bigtable/nominal_kinematics_map.csv,no nominal-setting map match,,,,nearest=RP011; outside=ebeam=+2.0931 (tol=0.05);hms_p=+0.366 (tol=0.015);hms_th=-2.235 (tol=0.02);shms_p=+1.531 (tol=0.015);shms_th=+3.72 (tol=0.02)
warning,24834,SHMSHEE,kinematics,/Users/radwanparvez/Documents/JLab/JLab_upstream_forks/hallc_replay_rsidis/AUX_FILES/util/verify_bigtable/nominal_kinematics_map.csv,no nominal-setting map match,,,,nearest=RP011; outside=ebeam=+2.0931 (tol=0.05);hms_p=+0.366 (tol=0.015);hms_th=-2.235 (tol=0.02);shms_p=+1.531 (tol=0.015);shms_th=+3.72 (tol=0.02)
warning,24835,SHMSHEE,kinematics,/Users/radwanparvez/Documents/JLab/JLab_upstream_forks/hallc_replay_rsidis/AUX_FILES/util/verify_bigtable/nominal_kinematics_map.csv,no nominal-setting map match,,,,nearest=RP011; outside=ebeam=+2.0931 (tol=0.05);hms_p=+0.366 (tol=0.015);hms_th=-2.235 (tol=0.02);shms_p=+1.531 (tol=0.015);shms_th=+3.72 (tol=0.02)
warning,24836,SHMSHEE,kinematics,/Users/radwanparvez/Documents/JLab/JLab_upstream_forks/hallc_replay_rsidis/AUX_FILES/util/verify_bigtable/nominal_kinematics_map.csv,no nominal-setting map match,,,,nearest=GT006; outside=shms_p=+2.335 (tol=0.015);shms_th=+0.925 (tol=0.02)
warning,24837,SHMSHEE,kinematics,/Users/radwanparvez/Documents/JLab/JLab_upstream_forks/hallc_replay_rsidis/AUX_FILES/util/verify_bigtable/nominal_kinematics_map.csv,no nominal-setting map match,,,,nearest=GT006; outside=shms_p=+2.335 (tol=0.015);shms_th=+0.925 (tol=0.02)
warning,24838,SHMSHEE,kinematics,/Users/radwanparvez/Documents/JLab/JLab_upstream_forks/hallc_replay_rsidis/AUX_FILES/util/verify_bigtable/nominal_kinematics_map.csv,no nominal-setting map match,,,,nearest=GT006; outside=shms_p=+2.237 (tol=0.015);shms_th=+0.925 (tol=0.02)
warning,24839,SHMSHEE,kinematics,/Users/radwanparvez/Documents/JLab/JLab_upstream_forks/hallc_replay_rsidis/AUX_FILES/util/verify_bigtable/nominal_kinematics_map.csv,no nominal-setting map match,,,,nearest=GT006; outside=shms_p=+2.142 (tol=0.015);shms_th=+0.925 (tol=0.02)
warning,24840,SHMSHEE,kinematics,/Users/radwanparvez/Documents/JLab/JLab_upstream_forks/hallc_replay_rsidis/AUX_FILES/util/verify_bigtable/nominal_kinematics_map.csv,no nominal-setting map match,,,,nearest=GT006; outside=shms_p=+2.051 (tol=0.015);shms_th=+0.925 (tol=0.02)
warning,24841,SHMSHEE,kinematics,/Users/radwanparvez/Documents/JLab/JLab_upstream_forks/hallc_replay_rsidis/AUX_FILES/util/verify_bigtable/nominal_kinematics_map.csv,no nominal-setting map match,,,,nearest=GT006; outside=shms_p=+1.962 (tol=0.015);shms_th=+0.925 (tol=0.02)
warning,24842,SHMSHEE,kinematics,/Users/radwanparvez/Documents/JLab/JLab_upstream_forks/hallc_replay_rsidis/AUX_FILES/util/verify_bigtable/nominal_kinematics_map.csv,no nominal-setting map match,,,,nearest=GT006; outside=shms_p=+1.876 (tol=0.015);shms_th=+0.925 (tol=0.02)
warning,24843,SHMSHEE,kinematics,/Users/radwanparvez/Documents/JLab/JLab_upstream_forks/hallc_replay_rsidis/AUX_FILES/util/verify_bigtable/nominal_kinematics_map.csv,no nominal-setting map match,,,,nearest=GT006; outside=shms_p=+1.876 (tol=0.015);shms_th=+0.925 (tol=0.02)
warning,24844,SHMSHEE,kinematics,/Users/radwanparvez/Documents/JLab/JLab_upstream_forks/hallc_replay_rsidis/AUX_FILES/util/verify_bigtable/nominal_kinematics_map.csv,no nominal-setting map match,,,,nearest=GT006; outside=shms_p=+1.792 (tol=0.015);shms_th=+0.925 (tol=0.02)
warning,24845,SHMSHEE,kinematics,/Users/radwanparvez/Documents/JLab/JLab_upstream_forks/hallc_replay_rsidis/AUX_FILES/util/verify_bigtable/nominal_kinematics_map.csv,no nominal-setting map match,,,,nearest=GT006; outside=shms_p=+1.711 (tol=0.015);shms_th=+0.925 (tol=0.02)
warning,24846,SHMSHEE,kinematics,/Users/radwanparvez/Documents/JLab/JLab_upstream_forks/hallc_replay_rsidis/AUX_FILES/util/verify_bigtable/nominal_kinematics_map.csv,no nominal-setting map match,,,,nearest=GT006; outside=shms_p=+1.633 (tol=0.015);shms_th=+0.925 (tol=0.02)
warning,24847,HMSDIS,kinematics,/Users/radwanparvez/Documents/JLab/JLab_upstream_forks/hallc_replay_rsidis/AUX_FILES/util/verify_bigtable/nominal_kinematics_map.csv,no nominal-setting map match,,,,nearest=GT006; outside=shms_p=+1.633 (tol=0.015);shms_th=+0.925 (tol=0.02)
warning,24848,HMSDIS,kinematics,/Users/radwanparvez/Documents/JLab/JLab_upstream_forks/hallc_replay_rsidis/AUX_FILES/util/verify_bigtable/nominal_kinematics_map.csv,no nominal-setting map match,,,,nearest=GT006; outside=shms_p=+1.633 (tol=0.015);shms_th=+0.925 (tol=0.02)
error,25123,PI-SIDIS,report,/Volumes/T7/RSIDIS/Pass1/REPORT_OUTPUT/COIN/PRODUCTION/replay_coin_production_25123_-1.report,missing report file,,,,
error,25123,PI-SIDIS,monitor_csv,/Volumes/T7/RSIDIS/Pass1/REPORT_OUTPUT/COIN/PRODUCTION/output_get_good_coin_ev_25123_-1.csv,missing output CSV file,,,,
error,25158,PI-SIDIS,report,/Volumes/T7/RSIDIS/Pass1/REPORT_OUTPUT/COIN/PRODUCTION/replay_coin_production_25158_-1.report,missing report file,,,,
error,25158,PI-SIDIS,monitor_csv,/Volumes/T7/RSIDIS/Pass1/REPORT_OUTPUT/COIN/PRODUCTION/output_get_good_coin_ev_25158_-1.csv,missing output CSV file,,,,
info,25465,PI+SIDIS,kinematics,/Users/radwanparvez/Documents/JLab/JLab_upstream_forks/hallc_replay_rsidis/AUX_FILES/util/verify_bigtable/nominal_kinematics_map.csv,manual nominal-setting override,,,,assigned=RP008; approved pending group decision
warning,25465,PI+SIDIS,x,/Users/radwanparvez/Documents/JLab/JLab_upstream_forks/hallc_replay_rsidis/AUX_FILES/util/verify_bigtable/nominal_kinematics_map.csv,RP value differs from group pass1 value,-999,0.25,999.25,nominal labels compared numerically and exactly
warning,25465,PI+SIDIS,Q2,/Users/radwanparvez/Documents/JLab/JLab_upstream_forks/hallc_replay_rsidis/AUX_FILES/util/verify_bigtable/nominal_kinematics_map.csv,RP value differs from group pass1 value,-999,3.3,1002.3,nominal labels compared numerically and exactly
warning,25465,PI+SIDIS,z,/Users/radwanparvez/Documents/JLab/JLab_upstream_forks/hallc_replay_rsidis/AUX_FILES/util/verify_bigtable/nominal_kinematics_map.csv,RP value differs from group pass1 value,-999,0.5,999.5,nominal labels compared numerically and exactly
warning,25465,PI+SIDIS,thpq,/Users/radwanparvez/Documents/JLab/JLab_upstream_forks/hallc_replay_rsidis/AUX_FILES/util/verify_bigtable/nominal_kinematics_map.csv,RP value differs from group pass1 value,-999,5.2,1004.2,nominal labels compared numerically and exactly
info,25466,PI+SIDIS,kinematics,/Users/radwanparvez/Documents/JLab/JLab_upstream_forks/hallc_replay_rsidis/AUX_FILES/util/verify_bigtable/nominal_kinematics_map.csv,manual nominal-setting override,,,,assigned=RP008; approved pending group decision
warning,25466,PI+SIDIS,x,/Users/radwanparvez/Documents/JLab/JLab_upstream_forks/hallc_replay_rsidis/AUX_FILES/util/verify_bigtable/nominal_kinematics_map.csv,RP value differs from group pass1 value,-999,0.25,999.25,nominal labels compared numerically and exactly
warning,25466,PI+SIDIS,Q2,/Users/radwanparvez/Documents/JLab/JLab_upstream_forks/hallc_replay_rsidis/AUX_FILES/util/verify_bigtable/nominal_kinematics_map.csv,RP value differs from group pass1 value,-999,3.3,1002.3,nominal labels compared numerically and exactly
warning,25466,PI+SIDIS,z,/Users/radwanparvez/Documents/JLab/JLab_upstream_forks/hallc_replay_rsidis/AUX_FILES/util/verify_bigtable/nominal_kinematics_map.csv,RP value differs from group pass1 value,-999,0.5,999.5,nominal labels compared numerically and exactly
warning,25466,PI+SIDIS,thpq,/Users/radwanparvez/Documents/JLab/JLab_upstream_forks/hallc_replay_rsidis/AUX_FILES/util/verify_bigtable/nominal_kinematics_map.csv,RP value differs from group pass1 value,-999,5.2,1004.2,nominal labels compared numerically and exactly
warning,25475,SHMSHEEP,kinematics,/Users/radwanparvez/Documents/JLab/JLab_upstream_forks/hallc_replay_rsidis/AUX_FILES/util/verify_bigtable/nominal_kinematics_map.csv,no nominal-setting map match,,,,nearest=RP027; outside=ebeam=+2.0916 (tol=0.05);hms_p=+1.466 (tol=0.015);hms_th=+3.505 (tol=0.02);shms_p=+1.566 (tol=0.015);shms_th=+3.79 (tol=0.02)
warning,25476,SHMSHEEP,kinematics,/Users/radwanparvez/Documents/JLab/JLab_upstream_forks/hallc_replay_rsidis/AUX_FILES/util/verify_bigtable/nominal_kinematics_map.csv,no nominal-setting map match,,,,nearest=RP027; outside=ebeam=+2.0916 (tol=0.05);hms_p=+1.466 (tol=0.015);hms_th=+3.505 (tol=0.02);shms_p=+1.566 (tol=0.015);shms_th=+3.79 (tol=0.02)
warning,25477,SHMSHEEP,kinematics,/Users/radwanparvez/Documents/JLab/JLab_upstream_forks/hallc_replay_rsidis/AUX_FILES/util/verify_bigtable/nominal_kinematics_map.csv,no nominal-setting map match,,,,nearest=RP027; outside=ebeam=+2.0916 (tol=0.05);hms_p=+1.466 (tol=0.015);hms_th=+3.505 (tol=0.02);shms_p=+1.23 (tol=0.015);shms_th=+3.79 (tol=0.02)
warning,25478,SHMSHEEP,kinematics,/Users/radwanparvez/Documents/JLab/JLab_upstream_forks/hallc_replay_rsidis/AUX_FILES/util/verify_bigtable/nominal_kinematics_map.csv,no nominal-setting map match,,,,nearest=RP027; outside=ebeam=+2.0916 (tol=0.05);hms_p=+1.466 (tol=0.015);hms_th=+3.505 (tol=0.02);shms_p=+1.451 (tol=0.015);shms_th=+3.79 (tol=0.02)
error,25478,SHMSHEEP,shms_p,runlist,RP value differs from group pass1 value,-6.6048,-6.605,-0.00020000000000042206,
warning,25479,SHMSHEEP,kinematics,/Users/radwanparvez/Documents/JLab/JLab_upstream_forks/hallc_replay_rsidis/AUX_FILES/util/verify_bigtable/nominal_kinematics_map.csv,no nominal-setting map match,,,,nearest=RP027; outside=ebeam=+2.0916 (tol=0.05);hms_p=+1.466 (tol=0.015);hms_th=+3.505 (tol=0.02);shms_p=+0.558 (tol=0.015);shms_th=+3.79 (tol=0.02)
warning,25480,SHMSHEEP,kinematics,/Users/radwanparvez/Documents/JLab/JLab_upstream_forks/hallc_replay_rsidis/AUX_FILES/util/verify_bigtable/nominal_kinematics_map.csv,no nominal-setting map match,,,,nearest=RP027; outside=ebeam=+2.0916 (tol=0.05);hms_p=+1.466 (tol=0.015);hms_th=+3.505 (tol=0.02);shms_p=+0.222 (tol=0.015);shms_th=+3.79 (tol=0.02)
warning,25481,SHMSHEEP,kinematics,/Users/radwanparvez/Documents/JLab/JLab_upstream_forks/hallc_replay_rsidis/AUX_FILES/util/verify_bigtable/nominal_kinematics_map.csv,no nominal-setting map match,,,,nearest=RP027; outside=ebeam=+2.0916 (tol=0.05);hms_p=+1.466 (tol=0.015);hms_th=+3.505 (tol=0.02);shms_p=-0.114 (tol=0.015);shms_th=+3.79 (tol=0.02)
warning,25482,SHMSHEEP,kinematics,/Users/radwanparvez/Documents/JLab/JLab_upstream_forks/hallc_replay_rsidis/AUX_FILES/util/verify_bigtable/nominal_kinematics_map.csv,no nominal-setting map match,,,,nearest=RP027; outside=ebeam=+2.0916 (tol=0.05);hms_p=+1.466 (tol=0.015);hms_th=+3.505 (tol=0.02);shms_p=-0.114 (tol=0.015);shms_th=+3.79 (tol=0.02)
warning,25483,SHMSHEEP,kinematics,/Users/radwanparvez/Documents/JLab/JLab_upstream_forks/hallc_replay_rsidis/AUX_FILES/util/verify_bigtable/nominal_kinematics_map.csv,no nominal-setting map match,,,,nearest=RP027; outside=ebeam=+2.0916 (tol=0.05);hms_p=+1.466 (tol=0.015);hms_th=+3.505 (tol=0.02);shms_p=-0.45 (tol=0.015);shms_th=+3.79 (tol=0.02)
error,25516,PI-SIDIS,report,/Volumes/T7/RSIDIS/Pass1/REPORT_OUTPUT/COIN/PRODUCTION/replay_coin_production_25516_-1.report,missing report file,,,,
error,25516,PI-SIDIS,monitor_csv,/Volumes/T7/RSIDIS/Pass1/REPORT_OUTPUT/COIN/PRODUCTION/output_get_good_coin_ev_25516_-1.csv,missing output CSV file,,,,
warning,25521,OPTICS,kinematics,/Users/radwanparvez/Documents/JLab/JLab_upstream_forks/hallc_replay_rsidis/AUX_FILES/util/verify_bigtable/nominal_kinematics_map.csv,no nominal-setting map match,,,,nearest=RP041; outside=hms_p=+1.015 (tol=0.015);hms_th=+3.265 (tol=0.02);shms_p=+1.307 (tol=0.015);shms_th=-1.235 (tol=0.02)
error,25521,OPTICS,normyield,/Volumes/T7/RSIDIS/Pass1/REPORT_OUTPUT/HMS/PRODUCTION/output_get_good_dis_ev_25521_-1.csv,RP value differs from group pass1 value,-999,0.773053,999.773053,
error,25521,OPTICS,normyield_err,/Volumes/T7/RSIDIS/Pass1/REPORT_OUTPUT/HMS/PRODUCTION/output_get_good_dis_ev_25521_-1.csv,RP value differs from group pass1 value,-999,0.00325422,999.00325422,
warning,25522,OPTICS,kinematics,/Users/radwanparvez/Documents/JLab/JLab_upstream_forks/hallc_replay_rsidis/AUX_FILES/util/verify_bigtable/nominal_kinematics_map.csv,no nominal-setting map match,,,,nearest=RP041; outside=hms_p=+1.015 (tol=0.015);hms_th=+3.265 (tol=0.02);shms_p=+1.307 (tol=0.015);shms_th=-1.235 (tol=0.02)
error,25522,OPTICS,normyield,/Volumes/T7/RSIDIS/Pass1/REPORT_OUTPUT/HMS/PRODUCTION/output_get_good_dis_ev_25522_-1.csv,RP value differs from group pass1 value,-999,0.770509,999.770509,
error,25522,OPTICS,normyield_err,/Volumes/T7/RSIDIS/Pass1/REPORT_OUTPUT/HMS/PRODUCTION/output_get_good_dis_ev_25522_-1.csv,RP value differs from group pass1 value,-999,0.00308221,999.00308221,
warning,25523,OPTICS,kinematics,/Users/radwanparvez/Documents/JLab/JLab_upstream_forks/hallc_replay_rsidis/AUX_FILES/util/verify_bigtable/nominal_kinematics_map.csv,no nominal-setting map match,,,,nearest=RP041; outside=hms_p=+1.015 (tol=0.015);hms_th=+3.265 (tol=0.02);shms_p=+1.307 (tol=0.015);shms_th=-1.235 (tol=0.02)
error,25523,OPTICS,normyield,/Volumes/T7/RSIDIS/Pass1/REPORT_OUTPUT/HMS/PRODUCTION/output_get_good_dis_ev_25523_-1.csv,RP value differs from group pass1 value,-999,6.08641,1005.08641,
error,25523,OPTICS,normyield_err,/Volumes/T7/RSIDIS/Pass1/REPORT_OUTPUT/HMS/PRODUCTION/output_get_good_dis_ev_25523_-1.csv,RP value differs from group pass1 value,-999,0.0124973,999.0124973,
warning,25524,OPTICS,kinematics,/Users/radwanparvez/Documents/JLab/JLab_upstream_forks/hallc_replay_rsidis/AUX_FILES/util/verify_bigtable/nominal_kinematics_map.csv,no nominal-setting map match,,,,nearest=RP041; outside=hms_p=+1.015 (tol=0.015);hms_th=+3.265 (tol=0.02);shms_p=+1.307 (tol=0.015);shms_th=-1.235 (tol=0.02)
error,25524,OPTICS,normyield,/Volumes/T7/RSIDIS/Pass1/REPORT_OUTPUT/HMS/PRODUCTION/output_get_good_dis_ev_25524_-1.csv,RP value differs from group pass1 value,-999,6.11203,1005.11203,
error,25524,OPTICS,normyield_err,/Volumes/T7/RSIDIS/Pass1/REPORT_OUTPUT/HMS/PRODUCTION/output_get_good_dis_ev_25524_-1.csv,RP value differs from group pass1 value,-999,0.0116701,999.0116701,
warning,25525,OPTICS,kinematics,/Users/radwanparvez/Documents/JLab/JLab_upstream_forks/hallc_replay_rsidis/AUX_FILES/util/verify_bigtable/nominal_kinematics_map.csv,no nominal-setting map match,,,,nearest=RP036; outside=hms_p=+0.64 (tol=0.015);hms_th=+0.785 (tol=0.02);shms_p=+2.146 (tol=0.015);shms_th=-1.365 (tol=0.02)
error,25525,OPTICS,normyield,/Volumes/T7/RSIDIS/Pass1/REPORT_OUTPUT/HMS/PRODUCTION/output_get_good_dis_ev_25525_-1.csv,RP value differs from group pass1 value,-999,9.75863,1008.75863,
error,25525,OPTICS,normyield_err,/Volumes/T7/RSIDIS/Pass1/REPORT_OUTPUT/HMS/PRODUCTION/output_get_good_dis_ev_25525_-1.csv,RP value differs from group pass1 value,-999,0.015863,999.015863,
warning,25526,OPTICS,kinematics,/Users/radwanparvez/Documents/JLab/JLab_upstream_forks/hallc_replay_rsidis/AUX_FILES/util/verify_bigtable/nominal_kinematics_map.csv,no nominal-setting map match,,,,nearest=RP036; outside=hms_p=+0.64 (tol=0.015);hms_th=+0.785 (tol=0.02);shms_p=+2.146 (tol=0.015);shms_th=-1.365 (tol=0.02)
error,25526,OPTICS,normyield,/Volumes/T7/RSIDIS/Pass1/REPORT_OUTPUT/HMS/PRODUCTION/output_get_good_dis_ev_25526_-1.csv,RP value differs from group pass1 value,-999,7.56395,1006.56395,
error,25526,OPTICS,normyield_err,/Volumes/T7/RSIDIS/Pass1/REPORT_OUTPUT/HMS/PRODUCTION/output_get_good_dis_ev_25526_-1.csv,RP value differs from group pass1 value,-999,0.0129555,999.0129555,
warning,25527,OPTICS,kinematics,/Users/radwanparvez/Documents/JLab/JLab_upstream_forks/hallc_replay_rsidis/AUX_FILES/util/verify_bigtable/nominal_kinematics_map.csv,no nominal-setting map match,,,,nearest=RP036; outside=hms_p=+0.64 (tol=0.015);hms_th=+0.785 (tol=0.02);shms_p=+2.146 (tol=0.015);shms_th=-1.365 (tol=0.02)
error,25527,OPTICS,normyield,/Volumes/T7/RSIDIS/Pass1/REPORT_OUTPUT/HMS/PRODUCTION/output_get_good_dis_ev_25527_-1.csv,RP value differs from group pass1 value,-999,0.952058,999.952058,
error,25527,OPTICS,normyield_err,/Volumes/T7/RSIDIS/Pass1/REPORT_OUTPUT/HMS/PRODUCTION/output_get_good_dis_ev_25527_-1.csv,RP value differs from group pass1 value,-999,0.00320964,999.00320964,
warning,25528,OPTICS,kinematics,/Users/radwanparvez/Documents/JLab/JLab_upstream_forks/hallc_replay_rsidis/AUX_FILES/util/verify_bigtable/nominal_kinematics_map.csv,no nominal-setting map match,,,,nearest=RP036; outside=hms_p=+0.64 (tol=0.015);hms_th=+0.785 (tol=0.02);shms_p=+2.146 (tol=0.015);shms_th=-1.365 (tol=0.02)
error,25528,OPTICS,normyield,/Volumes/T7/RSIDIS/Pass1/REPORT_OUTPUT/HMS/PRODUCTION/output_get_good_dis_ev_25528_-1.csv,RP value differs from group pass1 value,-999,0.943355,999.943355,
error,25528,OPTICS,normyield_err,/Volumes/T7/RSIDIS/Pass1/REPORT_OUTPUT/HMS/PRODUCTION/output_get_good_dis_ev_25528_-1.csv,RP value differs from group pass1 value,-999,0.00339704,999.00339704,
warning,25529,OPTICS,kinematics,/Users/radwanparvez/Documents/JLab/JLab_upstream_forks/hallc_replay_rsidis/AUX_FILES/util/verify_bigtable/nominal_kinematics_map.csv,no nominal-setting map match,,,,nearest=RP036; outside=hms_p=-0.073 (tol=0.015);hms_th=+0.785 (tol=0.02);shms_p=+1.433 (tol=0.015);shms_th=-1.365 (tol=0.02)
error,25529,OPTICS,normyield,/Volumes/T7/RSIDIS/Pass1/REPORT_OUTPUT/HMS/PRODUCTION/output_get_good_dis_ev_25529_-1.csv,RP value differs from group pass1 value,-999,1.15473,1000.15473,
error,25529,OPTICS,normyield_err,/Volumes/T7/RSIDIS/Pass1/REPORT_OUTPUT/HMS/PRODUCTION/output_get_good_dis_ev_25529_-1.csv,RP value differs from group pass1 value,-999,0.00367933,999.00367933,
warning,25530,OPTICS,kinematics,/Users/radwanparvez/Documents/JLab/JLab_upstream_forks/hallc_replay_rsidis/AUX_FILES/util/verify_bigtable/nominal_kinematics_map.csv,no nominal-setting map match,,,,nearest=RP036; outside=hms_p=-0.073 (tol=0.015);hms_th=+0.785 (tol=0.02);shms_p=+1.433 (tol=0.015);shms_th=-1.365 (tol=0.02)
error,25530,OPTICS,normyield,/Volumes/T7/RSIDIS/Pass1/REPORT_OUTPUT/HMS/PRODUCTION/output_get_good_dis_ev_25530_-1.csv,RP value differs from group pass1 value,-999,1.15897,1000.15897,
error,25530,OPTICS,normyield_err,/Volumes/T7/RSIDIS/Pass1/REPORT_OUTPUT/HMS/PRODUCTION/output_get_good_dis_ev_25530_-1.csv,RP value differs from group pass1 value,-999,0.00361158,999.00361158,
warning,25550,HMSHEE,kinematics,/Users/radwanparvez/Documents/JLab/JLab_upstream_forks/hallc_replay_rsidis/AUX_FILES/util/verify_bigtable/nominal_kinematics_map.csv,no nominal-setting map match,,,,nearest=RP009; outside=ebeam=-8.439 (tol=0.05);hms_p=-1.385 (tol=0.015);hms_th=+2.25 (tol=0.02);shms_p=-1.272 (tol=0.015);shms_th=+1.69 (tol=0.02)
warning,25551,HMSHEE,kinematics,/Users/radwanparvez/Documents/JLab/JLab_upstream_forks/hallc_replay_rsidis/AUX_FILES/util/verify_bigtable/nominal_kinematics_map.csv,no nominal-setting map match,,,,nearest=RP009; outside=ebeam=-8.439 (tol=0.05);hms_p=-1.405 (tol=0.015);hms_th=+2.25 (tol=0.02);shms_p=-1.272 (tol=0.015);shms_th=+1.69 (tol=0.02)
warning,25552,HMSHEE,kinematics,/Users/radwanparvez/Documents/JLab/JLab_upstream_forks/hallc_replay_rsidis/AUX_FILES/util/verify_bigtable/nominal_kinematics_map.csv,no nominal-setting map match,,,,nearest=RP009; outside=ebeam=-8.439 (tol=0.05);hms_p=-1.424 (tol=0.015);hms_th=+2.25 (tol=0.02);shms_p=-1.272 (tol=0.015);shms_th=+1.69 (tol=0.02)
warning,25554,HMSHEE,kinematics,/Users/radwanparvez/Documents/JLab/JLab_upstream_forks/hallc_replay_rsidis/AUX_FILES/util/verify_bigtable/nominal_kinematics_map.csv,no nominal-setting map match,,,,nearest=RP009; outside=ebeam=-8.439 (tol=0.05);hms_p=-1.444 (tol=0.015);hms_th=+2.25 (tol=0.02);shms_p=-1.272 (tol=0.015);shms_th=+1.69 (tol=0.02)
warning,25555,HMSHEE,kinematics,/Users/radwanparvez/Documents/JLab/JLab_upstream_forks/hallc_replay_rsidis/AUX_FILES/util/verify_bigtable/nominal_kinematics_map.csv,no nominal-setting map match,,,,nearest=RP009; outside=ebeam=-8.439 (tol=0.05);hms_p=-1.464 (tol=0.015);hms_th=+2.25 (tol=0.02);shms_p=-1.272 (tol=0.015);shms_th=+1.69 (tol=0.02)
warning,25556,HMSHEE,kinematics,/Users/radwanparvez/Documents/JLab/JLab_upstream_forks/hallc_replay_rsidis/AUX_FILES/util/verify_bigtable/nominal_kinematics_map.csv,no nominal-setting map match,,,,nearest=RP009; outside=ebeam=-8.439 (tol=0.05);hms_p=-1.484 (tol=0.015);hms_th=+2.25 (tol=0.02);shms_p=-1.272 (tol=0.015);shms_th=+1.69 (tol=0.02)
warning,25557,HMSHEE,kinematics,/Users/radwanparvez/Documents/JLab/JLab_upstream_forks/hallc_replay_rsidis/AUX_FILES/util/verify_bigtable/nominal_kinematics_map.csv,no nominal-setting map match,,,,nearest=RP009; outside=ebeam=-8.439 (tol=0.05);hms_p=-1.504 (tol=0.015);hms_th=+2.25 (tol=0.02);shms_p=-1.272 (tol=0.015);shms_th=+1.69 (tol=0.02)
warning,25558,HMSHEE,kinematics,/Users/radwanparvez/Documents/JLab/JLab_upstream_forks/hallc_replay_rsidis/AUX_FILES/util/verify_bigtable/nominal_kinematics_map.csv,no nominal-setting map match,,,,nearest=RP009; outside=ebeam=-8.439 (tol=0.05);hms_p=-1.662 (tol=0.015);hms_th=+2.25 (tol=0.02);shms_p=-1.272 (tol=0.015);shms_th=+1.69 (tol=0.02)
warning,25560,HMSHEE,kinematics,/Users/radwanparvez/Documents/JLab/JLab_upstream_forks/hallc_replay_rsidis/AUX_FILES/util/verify_bigtable/nominal_kinematics_map.csv,no nominal-setting map match,,,,nearest=RP009; outside=ebeam=-8.439 (tol=0.05);hms_p=-1.662 (tol=0.015);hms_th=+2.25 (tol=0.02);shms_p=-1.272 (tol=0.015);shms_th=+1.69 (tol=0.02)
warning,25562,HMSHEE,kinematics,/Users/radwanparvez/Documents/JLab/JLab_upstream_forks/hallc_replay_rsidis/AUX_FILES/util/verify_bigtable/nominal_kinematics_map.csv,no nominal-setting map match,,,,nearest=RP009; outside=ebeam=-8.439 (tol=0.05);hms_p=-1.82 (tol=0.015);hms_th=+2.25 (tol=0.02);shms_p=-1.272 (tol=0.015);shms_th=+1.69 (tol=0.02)
warning,25563,HMSHEE,kinematics,/Users/radwanparvez/Documents/JLab/JLab_upstream_forks/hallc_replay_rsidis/AUX_FILES/util/verify_bigtable/nominal_kinematics_map.csv,no nominal-setting map match,,,,nearest=RP009; outside=ebeam=-8.439 (tol=0.05);hms_p=-1.84 (tol=0.015);hms_th=+2.25 (tol=0.02);shms_p=-1.272 (tol=0.015);shms_th=+1.69 (tol=0.02)
warning,25564,HMSHEE,kinematics,/Users/radwanparvez/Documents/JLab/JLab_upstream_forks/hallc_replay_rsidis/AUX_FILES/util/verify_bigtable/nominal_kinematics_map.csv,no nominal-setting map match,,,,nearest=RP009; outside=ebeam=-8.439 (tol=0.05);hms_p=-1.86 (tol=0.015);hms_th=+2.25 (tol=0.02);shms_p=-1.272 (tol=0.015);shms_th=+1.69 (tol=0.02)
warning,25565,HMSHEE,kinematics,/Users/radwanparvez/Documents/JLab/JLab_upstream_forks/hallc_replay_rsidis/AUX_FILES/util/verify_bigtable/nominal_kinematics_map.csv,no nominal-setting map match,,,,nearest=RP009; outside=ebeam=-8.439 (tol=0.05);hms_p=-1.88 (tol=0.015);hms_th=+2.25 (tol=0.02);shms_p=-1.272 (tol=0.015);shms_th=+1.69 (tol=0.02)
warning,25566,HMSHEE,kinematics,/Users/radwanparvez/Documents/JLab/JLab_upstream_forks/hallc_replay_rsidis/AUX_FILES/util/verify_bigtable/nominal_kinematics_map.csv,no nominal-setting map match,,,,nearest=RP009; outside=ebeam=-8.439 (tol=0.05);hms_p=-1.9 (tol=0.015);hms_th=+2.25 (tol=0.02);shms_p=-1.272 (tol=0.015);shms_th=+1.69 (tol=0.02)
warning,25567,HMSHEE,kinematics,/Users/radwanparvez/Documents/JLab/JLab_upstream_forks/hallc_replay_rsidis/AUX_FILES/util/verify_bigtable/nominal_kinematics_map.csv,no nominal-setting map match,,,,nearest=RP009; outside=ebeam=-8.439 (tol=0.05);hms_p=-1.919 (tol=0.015);hms_th=+2.25 (tol=0.02);shms_p=-1.272 (tol=0.015);shms_th=+1.69 (tol=0.02)
warning,25573,SHMSHEE,kinematics,/Users/radwanparvez/Documents/JLab/JLab_upstream_forks/hallc_replay_rsidis/AUX_FILES/util/verify_bigtable/nominal_kinematics_map.csv,no nominal-setting map match,,,,nearest=RP009; outside=ebeam=-8.439 (tol=0.05);hms_p=-1.919 (tol=0.015);hms_th=+2.25 (tol=0.02);shms_p=-1.272 (tol=0.015);shms_th=+1.69 (tol=0.02)
warning,25574,SHMSHEE,kinematics,/Users/radwanparvez/Documents/JLab/JLab_upstream_forks/hallc_replay_rsidis/AUX_FILES/util/verify_bigtable/nominal_kinematics_map.csv,no nominal-setting map match,,,,nearest=RP009; outside=ebeam=-8.439 (tol=0.05);hms_p=-1.919 (tol=0.015);hms_th=+2.25 (tol=0.02);shms_p=-1.312 (tol=0.015);shms_th=+1.69 (tol=0.02)
warning,25575,SHMSHEE,kinematics,/Users/radwanparvez/Documents/JLab/JLab_upstream_forks/hallc_replay_rsidis/AUX_FILES/util/verify_bigtable/nominal_kinematics_map.csv,no nominal-setting map match,,,,nearest=RP009; outside=ebeam=-8.439 (tol=0.05);hms_p=-1.919 (tol=0.015);hms_th=+2.25 (tol=0.02);shms_p=-1.352 (tol=0.015);shms_th=+1.69 (tol=0.02)
warning,25576,SHMSHEE,kinematics,/Users/radwanparvez/Documents/JLab/JLab_upstream_forks/hallc_replay_rsidis/AUX_FILES/util/verify_bigtable/nominal_kinematics_map.csv,no nominal-setting map match,,,,nearest=RP009; outside=ebeam=-8.439 (tol=0.05);hms_p=-1.919 (tol=0.015);hms_th=+2.25 (tol=0.02);shms_p=-1.392 (tol=0.015);shms_th=+1.69 (tol=0.02)
warning,25577,SHMSHEE,kinematics,/Users/radwanparvez/Documents/JLab/JLab_upstream_forks/hallc_replay_rsidis/AUX_FILES/util/verify_bigtable/nominal_kinematics_map.csv,no nominal-setting map match,,,,nearest=RP009; outside=ebeam=-8.439 (tol=0.05);hms_p=-1.919 (tol=0.015);hms_th=+2.25 (tol=0.02);shms_p=-1.432 (tol=0.015);shms_th=+1.69 (tol=0.02)
warning,25578,SHMSHEE,kinematics,/Users/radwanparvez/Documents/JLab/JLab_upstream_forks/hallc_replay_rsidis/AUX_FILES/util/verify_bigtable/nominal_kinematics_map.csv,no nominal-setting map match,,,,nearest=RP009; outside=ebeam=-8.439 (tol=0.05);hms_p=-1.919 (tol=0.015);hms_th=+2.25 (tol=0.02);shms_p=-1.632 (tol=0.015);shms_th=+1.69 (tol=0.02)
warning,25579,SHMSHEE,kinematics,/Users/radwanparvez/Documents/JLab/JLab_upstream_forks/hallc_replay_rsidis/AUX_FILES/util/verify_bigtable/nominal_kinematics_map.csv,no nominal-setting map match,,,,nearest=RP009; outside=ebeam=-8.439 (tol=0.05);hms_p=-1.919 (tol=0.015);hms_th=+2.25 (tol=0.02);shms_p=-1.632 (tol=0.015);shms_th=+1.69 (tol=0.02)
warning,25580,SHMSHEE,kinematics,/Users/radwanparvez/Documents/JLab/JLab_upstream_forks/hallc_replay_rsidis/AUX_FILES/util/verify_bigtable/nominal_kinematics_map.csv,no nominal-setting map match,,,,nearest=RP009; outside=ebeam=-8.439 (tol=0.05);hms_p=-1.919 (tol=0.015);hms_th=+2.25 (tol=0.02);shms_p=-1.992 (tol=0.015);shms_th=+1.69 (tol=0.02)
warning,25581,SHMSHEE,kinematics,/Users/radwanparvez/Documents/JLab/JLab_upstream_forks/hallc_replay_rsidis/AUX_FILES/util/verify_bigtable/nominal_kinematics_map.csv,no nominal-setting map match,,,,nearest=RP009; outside=ebeam=-8.439 (tol=0.05);hms_p=-1.919 (tol=0.015);hms_th=+2.25 (tol=0.02);shms_p=-2.032 (tol=0.015);shms_th=+1.69 (tol=0.02)
warning,25582,SHMSHEE,kinematics,/Users/radwanparvez/Documents/JLab/JLab_upstream_forks/hallc_replay_rsidis/AUX_FILES/util/verify_bigtable/nominal_kinematics_map.csv,no nominal-setting map match,,,,nearest=RP009; outside=ebeam=-8.439 (tol=0.05);hms_p=-1.919 (tol=0.015);hms_th=+2.25 (tol=0.02);shms_p=-2.072 (tol=0.015);shms_th=+1.69 (tol=0.02)
warning,25583,SHMSHEE,kinematics,/Users/radwanparvez/Documents/JLab/JLab_upstream_forks/hallc_replay_rsidis/AUX_FILES/util/verify_bigtable/nominal_kinematics_map.csv,no nominal-setting map match,,,,nearest=RP009; outside=ebeam=-8.439 (tol=0.05);hms_p=-1.919 (tol=0.015);hms_th=+2.25 (tol=0.02);shms_p=-2.112 (tol=0.015);shms_th=+1.69 (tol=0.02)
warning,25584,SHMSHEE,kinematics,/Users/radwanparvez/Documents/JLab/JLab_upstream_forks/hallc_replay_rsidis/AUX_FILES/util/verify_bigtable/nominal_kinematics_map.csv,no nominal-setting map match,,,,nearest=RP009; outside=ebeam=-8.439 (tol=0.05);hms_p=-1.919 (tol=0.015);hms_th=+2.25 (tol=0.02);shms_p=-2.152 (tol=0.015);shms_th=+1.69 (tol=0.02)
warning,25585,SHMSHEE,kinematics,/Users/radwanparvez/Documents/JLab/JLab_upstream_forks/hallc_replay_rsidis/AUX_FILES/util/verify_bigtable/nominal_kinematics_map.csv,no nominal-setting map match,,,,nearest=RP009; outside=ebeam=-8.439 (tol=0.05);hms_p=-1.919 (tol=0.015);hms_th=+2.25 (tol=0.02);shms_p=-2.192 (tol=0.015);shms_th=+1.69 (tol=0.02)
warning,25586,SHMSHEE,kinematics,/Users/radwanparvez/Documents/JLab/JLab_upstream_forks/hallc_replay_rsidis/AUX_FILES/util/verify_bigtable/nominal_kinematics_map.csv,no nominal-setting map match,,,,nearest=RP009; outside=ebeam=-8.439 (tol=0.05);hms_p=-1.919 (tol=0.015);hms_th=+2.25 (tol=0.02);shms_p=-2.232 (tol=0.015);shms_th=+1.69 (tol=0.02)
warning,25587,SHMSHEE,kinematics,/Users/radwanparvez/Documents/JLab/JLab_upstream_forks/hallc_replay_rsidis/AUX_FILES/util/verify_bigtable/nominal_kinematics_map.csv,no nominal-setting map match,,,,nearest=RP009; outside=ebeam=-8.439 (tol=0.05);hms_p=-1.919 (tol=0.015);hms_th=+2.25 (tol=0.02);shms_p=-2.272 (tol=0.015);shms_th=+1.69 (tol=0.02)
warning,25588,SHMSHEE,kinematics,/Users/radwanparvez/Documents/JLab/JLab_upstream_forks/hallc_replay_rsidis/AUX_FILES/util/verify_bigtable/nominal_kinematics_map.csv,no nominal-setting map match,,,,nearest=RP009; outside=ebeam=-8.439 (tol=0.05);hms_p=-1.919 (tol=0.015);hms_th=+2.25 (tol=0.02);shms_p=-2.312 (tol=0.015);shms_th=+1.69 (tol=0.02)
warning,25589,SHMSHEE,kinematics,/Users/radwanparvez/Documents/JLab/JLab_upstream_forks/hallc_replay_rsidis/AUX_FILES/util/verify_bigtable/nominal_kinematics_map.csv,no nominal-setting map match,,,,nearest=RP009; outside=ebeam=-8.439 (tol=0.05);hms_p=-1.919 (tol=0.015);hms_th=+2.25 (tol=0.02);shms_p=-2.352 (tol=0.015);shms_th=+1.69 (tol=0.02)
warning,25590,SHMSHEE,kinematics,/Users/radwanparvez/Documents/JLab/JLab_upstream_forks/hallc_replay_rsidis/AUX_FILES/util/verify_bigtable/nominal_kinematics_map.csv,no nominal-setting map match,,,,nearest=RP009; outside=ebeam=-8.439 (tol=0.05);hms_p=-1.919 (tol=0.015);hms_th=+2.25 (tol=0.02);shms_p=-1.292 (tol=0.015);shms_th=+1.69 (tol=0.02)
warning,25591,SHMSHEE,kinematics,/Users/radwanparvez/Documents/JLab/JLab_upstream_forks/hallc_replay_rsidis/AUX_FILES/util/verify_bigtable/nominal_kinematics_map.csv,no nominal-setting map match,,,,nearest=RP009; outside=ebeam=-8.439 (tol=0.05);hms_p=-1.919 (tol=0.015);hms_th=+2.25 (tol=0.02);shms_p=-1.332 (tol=0.015);shms_th=+1.69 (tol=0.02)
warning,25592,SHMSHEE,kinematics,/Users/radwanparvez/Documents/JLab/JLab_upstream_forks/hallc_replay_rsidis/AUX_FILES/util/verify_bigtable/nominal_kinematics_map.csv,no nominal-setting map match,,,,nearest=RP009; outside=ebeam=-8.439 (tol=0.05);hms_p=-1.919 (tol=0.015);hms_th=+2.25 (tol=0.02);shms_p=-1.372 (tol=0.015);shms_th=+1.69 (tol=0.02)
warning,25593,SHMSHEE,kinematics,/Users/radwanparvez/Documents/JLab/JLab_upstream_forks/hallc_replay_rsidis/AUX_FILES/util/verify_bigtable/nominal_kinematics_map.csv,no nominal-setting map match,,,,nearest=RP009; outside=ebeam=-8.439 (tol=0.05);hms_p=-1.919 (tol=0.015);hms_th=+2.25 (tol=0.02);shms_p=-1.412 (tol=0.015);shms_th=+1.69 (tol=0.02)
warning,25594,SHMSHEE,kinematics,/Users/radwanparvez/Documents/JLab/JLab_upstream_forks/hallc_replay_rsidis/AUX_FILES/util/verify_bigtable/nominal_kinematics_map.csv,no nominal-setting map match,,,,nearest=RP009; outside=ebeam=-8.439 (tol=0.05);hms_p=-1.919 (tol=0.015);hms_th=+2.25 (tol=0.02);shms_p=-1.452 (tol=0.015);shms_th=+1.69 (tol=0.02)
warning,25595,SHMSHEE,kinematics,/Users/radwanparvez/Documents/JLab/JLab_upstream_forks/hallc_replay_rsidis/AUX_FILES/util/verify_bigtable/nominal_kinematics_map.csv,no nominal-setting map match,,,,nearest=RP009; outside=ebeam=-8.439 (tol=0.05);hms_p=-1.919 (tol=0.015);hms_th=+2.25 (tol=0.02);shms_p=-1.492 (tol=0.015);shms_th=+1.69 (tol=0.02)
warning,25596,SHMSHEE,kinematics,/Users/radwanparvez/Documents/JLab/JLab_upstream_forks/hallc_replay_rsidis/AUX_FILES/util/verify_bigtable/nominal_kinematics_map.csv,no nominal-setting map match,,,,nearest=RP009; outside=ebeam=-8.439 (tol=0.05);hms_p=-1.919 (tol=0.015);hms_th=+2.25 (tol=0.02);shms_p=-1.532 (tol=0.015);shms_th=+1.69 (tol=0.02)
warning,25597,SHMSHEE,kinematics,/Users/radwanparvez/Documents/JLab/JLab_upstream_forks/hallc_replay_rsidis/AUX_FILES/util/verify_bigtable/nominal_kinematics_map.csv,no nominal-setting map match,,,,nearest=RP009; outside=ebeam=-8.439 (tol=0.05);hms_p=-1.919 (tol=0.015);hms_th=+2.25 (tol=0.02);shms_p=-1.572 (tol=0.015);shms_th=+1.69 (tol=0.02)
warning,25598,SHMSHEE,kinematics,/Users/radwanparvez/Documents/JLab/JLab_upstream_forks/hallc_replay_rsidis/AUX_FILES/util/verify_bigtable/nominal_kinematics_map.csv,no nominal-setting map match,,,,nearest=RP009; outside=ebeam=-8.439 (tol=0.05);hms_p=-1.919 (tol=0.015);hms_th=+2.25 (tol=0.02);shms_p=-1.612 (tol=0.015);shms_th=+1.69 (tol=0.02)
warning,25599,SHMSHEE,kinematics,/Users/radwanparvez/Documents/JLab/JLab_upstream_forks/hallc_replay_rsidis/AUX_FILES/util/verify_bigtable/nominal_kinematics_map.csv,no nominal-setting map match,,,,nearest=RP009; outside=ebeam=-8.439 (tol=0.05);hms_p=-1.919 (tol=0.015);hms_th=+2.25 (tol=0.02);shms_p=-1.652 (tol=0.015);shms_th=+1.69 (tol=0.02)
warning,25600,SHMSHEE,kinematics,/Users/radwanparvez/Documents/JLab/JLab_upstream_forks/hallc_replay_rsidis/AUX_FILES/util/verify_bigtable/nominal_kinematics_map.csv,no nominal-setting map match,,,,nearest=RP009; outside=ebeam=-8.439 (tol=0.05);hms_p=-1.919 (tol=0.015);hms_th=+2.25 (tol=0.02);shms_p=-1.692 (tol=0.015);shms_th=+1.69 (tol=0.02)
warning,25601,SHMSHEE,kinematics,/Users/radwanparvez/Documents/JLab/JLab_upstream_forks/hallc_replay_rsidis/AUX_FILES/util/verify_bigtable/nominal_kinematics_map.csv,no nominal-setting map match,,,,nearest=RP009; outside=ebeam=-8.439 (tol=0.05);hms_p=-1.919 (tol=0.015);hms_th=+2.25 (tol=0.02);shms_p=-1.732 (tol=0.015);shms_th=+1.69 (tol=0.02)
warning,25602,SHMSHEE,kinematics,/Users/radwanparvez/Documents/JLab/JLab_upstream_forks/hallc_replay_rsidis/AUX_FILES/util/verify_bigtable/nominal_kinematics_map.csv,no nominal-setting map match,,,,nearest=RP009; outside=ebeam=-8.439 (tol=0.05);hms_p=-1.919 (tol=0.015);hms_th=+2.25 (tol=0.02);shms_p=-1.772 (tol=0.015);shms_th=+1.69 (tol=0.02)
warning,25603,SHMSHEE,kinematics,/Users/radwanparvez/Documents/JLab/JLab_upstream_forks/hallc_replay_rsidis/AUX_FILES/util/verify_bigtable/nominal_kinematics_map.csv,no nominal-setting map match,,,,nearest=RP009; outside=ebeam=-8.439 (tol=0.05);hms_p=-1.919 (tol=0.015);hms_th=+2.25 (tol=0.02);shms_p=-1.812 (tol=0.015);shms_th=+1.69 (tol=0.02)
warning,27106,SHMSHEEP,kinematics,/Users/radwanparvez/Documents/JLab/JLab_upstream_forks/hallc_replay_rsidis/AUX_FILES/util/verify_bigtable/nominal_kinematics_map.csv,no nominal-setting map match,,,,nearest=RP012; outside=hms_p=+0.505 (tol=0.015);hms_th=+3.08 (tol=0.02);shms_p=+0.366 (tol=0.015);shms_th=+2.755 (tol=0.02)
warning,27107,SHMSHEEP,kinematics,/Users/radwanparvez/Documents/JLab/JLab_upstream_forks/hallc_replay_rsidis/AUX_FILES/util/verify_bigtable/nominal_kinematics_map.csv,no nominal-setting map match,,,,nearest=RP012; outside=hms_p=+0.505 (tol=0.015);hms_th=+3.08 (tol=0.02);shms_p=+0.366 (tol=0.015);shms_th=+2.755 (tol=0.02)
warning,27108,SHMSHEE,kinematics,/Users/radwanparvez/Documents/JLab/JLab_upstream_forks/hallc_replay_rsidis/AUX_FILES/util/verify_bigtable/nominal_kinematics_map.csv,no nominal-setting map match,,,,nearest=RP012; outside=hms_p=+0.505 (tol=0.015);hms_th=+3.08 (tol=0.02);shms_p=+0.366 (tol=0.015);shms_th=+2.755 (tol=0.02)
warning,27109,SHMSHEE,kinematics,/Users/radwanparvez/Documents/JLab/JLab_upstream_forks/hallc_replay_rsidis/AUX_FILES/util/verify_bigtable/nominal_kinematics_map.csv,no nominal-setting map match,,,,nearest=RP012; outside=hms_p=+0.505 (tol=0.015);hms_th=+3.08 (tol=0.02);shms_p=+0.366 (tol=0.015);shms_th=+2.755 (tol=0.02)
warning,27352,HMSHEE,kinematics,/Users/radwanparvez/Documents/JLab/JLab_upstream_forks/hallc_replay_rsidis/AUX_FILES/util/verify_bigtable/nominal_kinematics_map.csv,no nominal-setting map match,,,,nearest=GT054; outside=ebeam=-4.2035 (tol=0.05);hms_p=+0.047 (tol=0.015);hms_th=-1.97 (tol=0.02);shms_p=-2.553 (tol=0.015);shms_th=+6.93 (tol=0.02)
warning,27355,HMSHEE,kinematics,/Users/radwanparvez/Documents/JLab/JLab_upstream_forks/hallc_replay_rsidis/AUX_FILES/util/verify_bigtable/nominal_kinematics_map.csv,no nominal-setting map match,,,,nearest=GT054; outside=ebeam=-4.2035 (tol=0.05);hms_p=+0.047 (tol=0.015);hms_th=-1.97 (tol=0.02);shms_p=-2.553 (tol=0.015);shms_th=+6.93 (tol=0.02)
warning,27356,HMSHEE,kinematics,/Users/radwanparvez/Documents/JLab/JLab_upstream_forks/hallc_replay_rsidis/AUX_FILES/util/verify_bigtable/nominal_kinematics_map.csv,no nominal-setting map match,,,,nearest=GT054; outside=ebeam=-4.2035 (tol=0.05);hms_p=+0.047 (tol=0.015);hms_th=-1.97 (tol=0.02);shms_p=-2.553 (tol=0.015);shms_th=+6.93 (tol=0.02)
warning,27357,HMSHEEP,kinematics,/Users/radwanparvez/Documents/JLab/JLab_upstream_forks/hallc_replay_rsidis/AUX_FILES/util/verify_bigtable/nominal_kinematics_map.csv,no nominal-setting map match,,,,nearest=RP043; outside=ebeam=-4.1976 (tol=0.05);hms_p=+0.058 (tol=0.015);hms_th=+10.26 (tol=0.02);shms_p=-0.022 (tol=0.015);shms_th=+7.71 (tol=0.02)
error,27571,BCM,normyield,/Volumes/T7/RSIDIS/Pass1/REPORT_OUTPUT/HMS/PRODUCTION/output_get_good_dis_ev_27571_-1.csv,RP value differs from group pass1 value,-999,nan,nan,
error,27571,BCM,normyield_err,/Volumes/T7/RSIDIS/Pass1/REPORT_OUTPUT/HMS/PRODUCTION/output_get_good_dis_ev_27571_-1.csv,RP value differs from group pass1 value,-999,nan,nan,
warning,27733,HMSHEEP,kinematics,/Users/radwanparvez/Documents/JLab/JLab_upstream_forks/hallc_replay_rsidis/AUX_FILES/util/verify_bigtable/nominal_kinematics_map.csv,no nominal-setting map match,,,,nearest=RP043; outside=ebeam=-4.1976 (tol=0.05);hms_p=+0.058 (tol=0.015);hms_th=+10.25 (tol=0.02);shms_p=-0.022 (tol=0.015);shms_th=+7.71 (tol=0.02)
warning,27734,HMSHEEP,kinematics,/Users/radwanparvez/Documents/JLab/JLab_upstream_forks/hallc_replay_rsidis/AUX_FILES/util/verify_bigtable/nominal_kinematics_map.csv,no nominal-setting map match,,,,nearest=RP043; outside=ebeam=-4.1976 (tol=0.05);hms_p=+0.058 (tol=0.015);hms_th=+10.25 (tol=0.02);shms_p=-0.022 (tol=0.015);shms_th=+7.71 (tol=0.02)
warning,27735,HMSHEE,kinematics,/Users/radwanparvez/Documents/JLab/JLab_upstream_forks/hallc_replay_rsidis/AUX_FILES/util/verify_bigtable/nominal_kinematics_map.csv,no nominal-setting map match,,,,nearest=RP043; outside=ebeam=-4.1976 (tol=0.05);hms_p=+0.058 (tol=0.015);hms_th=+10.25 (tol=0.02);shms_p=-0.022 (tol=0.015);shms_th=+7.71 (tol=0.02)
warning,27736,HMSHEEP,kinematics,/Users/radwanparvez/Documents/JLab/JLab_upstream_forks/hallc_replay_rsidis/AUX_FILES/util/verify_bigtable/nominal_kinematics_map.csv,no nominal-setting map match,,,,nearest=RP043; outside=ebeam=-4.1976 (tol=0.05);hms_p=+0.058 (tol=0.015);hms_th=+10.25 (tol=0.02);shms_p=-0.022 (tol=0.015);shms_th=+7.71 (tol=0.02)
warning,27737,HMSHEE,kinematics,/Users/radwanparvez/Documents/JLab/JLab_upstream_forks/hallc_replay_rsidis/AUX_FILES/util/verify_bigtable/nominal_kinematics_map.csv,no nominal-setting map match,,,,nearest=RP043; outside=ebeam=-4.1976 (tol=0.05);hms_p=+0.058 (tol=0.015);hms_th=+10.25 (tol=0.02);shms_p=-0.022 (tol=0.015);shms_th=+7.71 (tol=0.02)
warning,27738,HMSHEE,kinematics,/Users/radwanparvez/Documents/JLab/JLab_upstream_forks/hallc_replay_rsidis/AUX_FILES/util/verify_bigtable/nominal_kinematics_map.csv,no nominal-setting map match,,,,nearest=RP043; outside=ebeam=-4.1976 (tol=0.05);hms_p=+0.058 (tol=0.015);hms_th=+10.25 (tol=0.02);shms_p=-0.022 (tol=0.015);shms_th=+7.71 (tol=0.02)
warning,27739,HMSHEEP,kinematics,/Users/radwanparvez/Documents/JLab/JLab_upstream_forks/hallc_replay_rsidis/AUX_FILES/util/verify_bigtable/nominal_kinematics_map.csv,no nominal-setting map match,,,,nearest=RP027; outside=ebeam=-2.1076 (tol=0.05);hms_p=+0.064 (tol=0.015);hms_th=+7.61 (tol=0.02);shms_p=-1.144 (tol=0.015);shms_th=+10.055 (tol=0.02)
warning,27740,HMSHEEP,kinematics,/Users/radwanparvez/Documents/JLab/JLab_upstream_forks/hallc_replay_rsidis/AUX_FILES/util/verify_bigtable/nominal_kinematics_map.csv,no nominal-setting map match,,,,nearest=RP027; outside=ebeam=-2.1076 (tol=0.05);hms_p=+0.064 (tol=0.015);hms_th=+7.61 (tol=0.02);shms_p=-1.144 (tol=0.015);shms_th=+10.055 (tol=0.02)
warning,27741,HMSHEE,kinematics,/Users/radwanparvez/Documents/JLab/JLab_upstream_forks/hallc_replay_rsidis/AUX_FILES/util/verify_bigtable/nominal_kinematics_map.csv,no nominal-setting map match,,,,nearest=RP027; outside=ebeam=-2.1076 (tol=0.05);hms_p=+0.064 (tol=0.015);hms_th=+7.61 (tol=0.02);shms_p=-1.144 (tol=0.015);shms_th=+10.055 (tol=0.02)
warning,27742,HMSHEEP,kinematics,/Users/radwanparvez/Documents/JLab/JLab_upstream_forks/hallc_replay_rsidis/AUX_FILES/util/verify_bigtable/nominal_kinematics_map.csv,no nominal-setting map match,,,,nearest=RP027; outside=ebeam=-2.1076 (tol=0.05);hms_p=+0.064 (tol=0.015);hms_th=+7.61 (tol=0.02);shms_p=-1.144 (tol=0.015);shms_th=+10.055 (tol=0.02)
warning,27743,HMSHEE,kinematics,/Users/radwanparvez/Documents/JLab/JLab_upstream_forks/hallc_replay_rsidis/AUX_FILES/util/verify_bigtable/nominal_kinematics_map.csv,no nominal-setting map match,,,,nearest=RP027; outside=ebeam=-2.1076 (tol=0.05);hms_p=+0.064 (tol=0.015);hms_th=+7.61 (tol=0.02);shms_p=-1.144 (tol=0.015);shms_th=+10.055 (tol=0.02)
warning,27744,HMSHEE,kinematics,/Users/radwanparvez/Documents/JLab/JLab_upstream_forks/hallc_replay_rsidis/AUX_FILES/util/verify_bigtable/nominal_kinematics_map.csv,no nominal-setting map match,,,,nearest=RP027; outside=ebeam=-2.1076 (tol=0.05);hms_p=+0.064 (tol=0.015);hms_th=+7.61 (tol=0.02);shms_p=-1.144 (tol=0.015);shms_th=+10.055 (tol=0.02)
error,27961,BCM,normyield,/Volumes/T7/RSIDIS/Pass1/REPORT_OUTPUT/COIN/PRODUCTION/output_get_good_coin_ev_27961_-1.csv,RP value differs from group pass1 value,nan,nan,nan,
error,27961,BCM,normyield_err,/Volumes/T7/RSIDIS/Pass1/REPORT_OUTPUT/COIN/PRODUCTION/output_get_good_coin_ev_27961_-1.csv,RP value differs from group pass1 value,nan,nan,nan,
warning,28083,SHMSHEEP,kinematics,/Users/radwanparvez/Documents/JLab/JLab_upstream_forks/hallc_replay_rsidis/AUX_FILES/util/verify_bigtable/nominal_kinematics_map.csv,no nominal-setting map match,,,,nearest=RP012; outside=ebeam=+2.0914 (tol=0.05);hms_p=+1.115 (tol=0.015);hms_th=-2.825 (tol=0.02);shms_p=+1.916 (tol=0.015);shms_th=+2.205 (tol=0.02)
warning,28084,SHMSHEEP,kinematics,/Users/radwanparvez/Documents/JLab/JLab_upstream_forks/hallc_replay_rsidis/AUX_FILES/util/verify_bigtable/nominal_kinematics_map.csv,no nominal-setting map match,,,,nearest=RP012; outside=ebeam=+2.0914 (tol=0.05);hms_p=+1.115 (tol=0.015);hms_th=-2.825 (tol=0.02);shms_p=+1.916 (tol=0.015);shms_th=+2.205 (tol=0.02)
warning,28085,SHMSHEE,kinematics,/Users/radwanparvez/Documents/JLab/JLab_upstream_forks/hallc_replay_rsidis/AUX_FILES/util/verify_bigtable/nominal_kinematics_map.csv,no nominal-setting map match,,,,nearest=RP012; outside=ebeam=+2.0914 (tol=0.05);hms_p=+1.115 (tol=0.015);hms_th=-2.825 (tol=0.02);shms_p=+1.916 (tol=0.015);shms_th=+2.205 (tol=0.02)
warning,28086,SHMSHEEP,kinematics,/Users/radwanparvez/Documents/JLab/JLab_upstream_forks/hallc_replay_rsidis/AUX_FILES/util/verify_bigtable/nominal_kinematics_map.csv,no nominal-setting map match,,,,nearest=RP012; outside=ebeam=+2.0914 (tol=0.05);hms_p=+1.115 (tol=0.015);hms_th=-2.825 (tol=0.02);shms_p=+1.916 (tol=0.015);shms_th=+2.205 (tol=0.02)
warning,28087,SHMSHEE,kinematics,/Users/radwanparvez/Documents/JLab/JLab_upstream_forks/hallc_replay_rsidis/AUX_FILES/util/verify_bigtable/nominal_kinematics_map.csv,no nominal-setting map match,,,,nearest=RP012; outside=ebeam=+2.0914 (tol=0.05);hms_p=+1.115 (tol=0.015);hms_th=-2.825 (tol=0.02);shms_p=+1.916 (tol=0.015);shms_th=+2.205 (tol=0.02)
warning,28088,SHMSHEE,kinematics,/Users/radwanparvez/Documents/JLab/JLab_upstream_forks/hallc_replay_rsidis/AUX_FILES/util/verify_bigtable/nominal_kinematics_map.csv,no nominal-setting map match,,,,nearest=RP012; outside=ebeam=+2.0914 (tol=0.05);hms_p=+1.115 (tol=0.015);hms_th=-2.825 (tol=0.02);shms_p=+1.916 (tol=0.015);shms_th=+2.205 (tol=0.02)
warning,28089,SHMSHEE,kinematics,/Users/radwanparvez/Documents/JLab/JLab_upstream_forks/hallc_replay_rsidis/AUX_FILES/util/verify_bigtable/nominal_kinematics_map.csv,no nominal-setting map match,,,,nearest=RP012; outside=ebeam=+2.0914 (tol=0.05);hms_p=+1.115 (tol=0.015);hms_th=-2.825 (tol=0.02);shms_p=+1.916 (tol=0.015);shms_th=+2.205 (tol=0.02)
warning,28090,SHMSHEE,kinematics,/Users/radwanparvez/Documents/JLab/JLab_upstream_forks/hallc_replay_rsidis/AUX_FILES/util/verify_bigtable/nominal_kinematics_map.csv,no nominal-setting map match,,,,nearest=RP012; outside=ebeam=+2.0914 (tol=0.05);hms_p=+1.115 (tol=0.015);hms_th=-2.825 (tol=0.02);shms_p=+1.916 (tol=0.015);shms_th=+2.205 (tol=0.02)
warning,28091,HMSHEEP,kinematics,/Users/radwanparvez/Documents/JLab/JLab_upstream_forks/hallc_replay_rsidis/AUX_FILES/util/verify_bigtable/nominal_kinematics_map.csv,no nominal-setting map match,,,,nearest=GT054; outside=ebeam=-2.0945 (tol=0.05);hms_p=+0.097 (tol=0.015);hms_th=+5.065 (tol=0.02);shms_p=-2.173 (tol=0.015);shms_th=+7.74 (tol=0.02)
warning,28092,HMSHEEP,kinematics,/Users/radwanparvez/Documents/JLab/JLab_upstream_forks/hallc_replay_rsidis/AUX_FILES/util/verify_bigtable/nominal_kinematics_map.csv,no nominal-setting map match,,,,nearest=GT054; outside=ebeam=-2.0945 (tol=0.05);hms_p=+0.097 (tol=0.015);hms_th=+5.065 (tol=0.02);shms_p=-2.173 (tol=0.015);shms_th=+7.74 (tol=0.02)
warning,28093,HMSHEEP,kinematics,/Users/radwanparvez/Documents/JLab/JLab_upstream_forks/hallc_replay_rsidis/AUX_FILES/util/verify_bigtable/nominal_kinematics_map.csv,no nominal-setting map match,,,,nearest=GT054; outside=ebeam=-2.0945 (tol=0.05);hms_p=+0.097 (tol=0.015);hms_th=+5.065 (tol=0.02);shms_p=-2.173 (tol=0.015);shms_th=+7.74 (tol=0.02)
warning,28094,HMSHEE,kinematics,/Users/radwanparvez/Documents/JLab/JLab_upstream_forks/hallc_replay_rsidis/AUX_FILES/util/verify_bigtable/nominal_kinematics_map.csv,no nominal-setting map match,,,,nearest=GT054; outside=ebeam=-2.0945 (tol=0.05);hms_p=+0.097 (tol=0.015);hms_th=+5.065 (tol=0.02);shms_p=-2.173 (tol=0.015);shms_th=+7.74 (tol=0.02)
warning,28095,HMSHEEP,kinematics,/Users/radwanparvez/Documents/JLab/JLab_upstream_forks/hallc_replay_rsidis/AUX_FILES/util/verify_bigtable/nominal_kinematics_map.csv,no nominal-setting map match,,,,nearest=GT054; outside=ebeam=-2.0945 (tol=0.05);hms_p=+0.097 (tol=0.015);hms_th=+5.065 (tol=0.02);shms_p=-2.173 (tol=0.015);shms_th=+7.74 (tol=0.02)
warning,28098,HMSHEEP,kinematics,/Users/radwanparvez/Documents/JLab/JLab_upstream_forks/hallc_replay_rsidis/AUX_FILES/util/verify_bigtable/nominal_kinematics_map.csv,no nominal-setting map match,,,,nearest=GT054; outside=ebeam=-2.0945 (tol=0.05);hms_p=+0.097 (tol=0.015);hms_th=+5.065 (tol=0.02);shms_p=-2.173 (tol=0.015);shms_th=+7.74 (tol=0.02)
warning,28099,HMSHEEP,kinematics,/Users/radwanparvez/Documents/JLab/JLab_upstream_forks/hallc_replay_rsidis/AUX_FILES/util/verify_bigtable/nominal_kinematics_map.csv,no nominal-setting map match,,,,nearest=GT054; outside=ebeam=-2.0945 (tol=0.05);hms_p=+0.097 (tol=0.015);hms_th=+5.065 (tol=0.02);shms_p=-2.173 (tol=0.015);shms_th=+7.74 (tol=0.02)
warning,28100,HMSHEEP,kinematics,/Users/radwanparvez/Documents/JLab/JLab_upstream_forks/hallc_replay_rsidis/AUX_FILES/util/verify_bigtable/nominal_kinematics_map.csv,no nominal-setting map match,,,,nearest=GT054; outside=ebeam=-2.0945 (tol=0.05);hms_p=+0.097 (tol=0.015);hms_th=+5.065 (tol=0.02);shms_p=-2.173 (tol=0.015);shms_th=+7.74 (tol=0.02)
warning,28101,HMSHEEP,kinematics,/Users/radwanparvez/Documents/JLab/JLab_upstream_forks/hallc_replay_rsidis/AUX_FILES/util/verify_bigtable/nominal_kinematics_map.csv,no nominal-setting map match,,,,nearest=GT054; outside=ebeam=-2.0945 (tol=0.05);hms_p=+0.097 (tol=0.015);hms_th=+5.065 (tol=0.02);shms_p=-2.173 (tol=0.015);shms_th=+7.74 (tol=0.02)
warning,28102,HMSHEEP,kinematics,/Users/radwanparvez/Documents/JLab/JLab_upstream_forks/hallc_replay_rsidis/AUX_FILES/util/verify_bigtable/nominal_kinematics_map.csv,no nominal-setting map match,,,,nearest=GT054; outside=ebeam=-2.0945 (tol=0.05);hms_p=+0.097 (tol=0.015);hms_th=+5.065 (tol=0.02);shms_p=-2.173 (tol=0.015);shms_th=+7.74 (tol=0.02)
warning,28103,HMSHEEP,kinematics,/Users/radwanparvez/Documents/JLab/JLab_upstream_forks/hallc_replay_rsidis/AUX_FILES/util/verify_bigtable/nominal_kinematics_map.csv,no nominal-setting map match,,,,nearest=GT054; outside=ebeam=-2.0945 (tol=0.05);hms_p=+0.097 (tol=0.015);hms_th=+5.065 (tol=0.02);shms_p=-2.173 (tol=0.015);shms_th=+7.74 (tol=0.02)
warning,28104,HMSHEEP,kinematics,/Users/radwanparvez/Documents/JLab/JLab_upstream_forks/hallc_replay_rsidis/AUX_FILES/util/verify_bigtable/nominal_kinematics_map.csv,no nominal-setting map match,,,,nearest=GT054; outside=ebeam=-2.0945 (tol=0.05);hms_p=+0.097 (tol=0.015);hms_th=+5.065 (tol=0.02);shms_p=-2.173 (tol=0.015);shms_th=+7.74 (tol=0.02)
warning,28105,HMSHEEP,kinematics,/Users/radwanparvez/Documents/JLab/JLab_upstream_forks/hallc_replay_rsidis/AUX_FILES/util/verify_bigtable/nominal_kinematics_map.csv,no nominal-setting map match,,,,nearest=GT054; outside=ebeam=-2.0945 (tol=0.05);hms_p=+0.097 (tol=0.015);hms_th=+5.065 (tol=0.02);shms_p=-2.173 (tol=0.015);shms_th=+7.74 (tol=0.02)
warning,28106,HMSHEEP,kinematics,/Users/radwanparvez/Documents/JLab/JLab_upstream_forks/hallc_replay_rsidis/AUX_FILES/util/verify_bigtable/nominal_kinematics_map.csv,no nominal-setting map match,,,,nearest=GT054; outside=ebeam=-2.0945 (tol=0.05);hms_p=+0.097 (tol=0.015);hms_th=+5.065 (tol=0.02);shms_p=-2.173 (tol=0.015);shms_th=+7.74 (tol=0.02)
error,28254,HMSDIS,report,/Volumes/T7/RSIDIS/Pass1/REPORT_OUTPUT/HMS/PRODUCTION/replay_hms_coin_production_28254_-1.report,missing report file,,,,
error,28254,HMSDIS,monitor_csv,/Volumes/T7/RSIDIS/Pass1/REPORT_OUTPUT/HMS/PRODUCTION/output_get_good_dis_ev_28254_-1.csv,missing output CSV file,,,,
error,28268,PI-SIDIS,report,/Volumes/T7/RSIDIS/Pass1/REPORT_OUTPUT/COIN/PRODUCTION/replay_coin_production_28268_-1.report,missing report file,,,,
error,28268,PI-SIDIS,monitor_csv,/Volumes/T7/RSIDIS/Pass1/REPORT_OUTPUT/COIN/PRODUCTION/output_get_good_coin_ev_28268_-1.csv,missing output CSV file,,,,
error,28353,PI-SIDIS,report,/Volumes/T7/RSIDIS/Pass1/REPORT_OUTPUT/COIN/PRODUCTION/replay_coin_production_28353_-1.report,missing report file,,,,
error,28353,PI-SIDIS,monitor_csv,/Volumes/T7/RSIDIS/Pass1/REPORT_OUTPUT/COIN/PRODUCTION/output_get_good_coin_ev_28353_-1.csv,missing output CSV file,,,,
warning,28380,HMSHEE,kinematics,/Users/radwanparvez/Documents/JLab/JLab_upstream_forks/hallc_replay_rsidis/AUX_FILES/util/verify_bigtable/nominal_kinematics_map.csv,no nominal-setting map match,,,,nearest=GT042; outside=ebeam=+2.0945 (tol=0.05);hms_p=+2.126 (tol=0.015);hms_th=+4.8 (tol=0.02);shms_p=+3.185 (tol=0.015);shms_th=+6 (tol=0.02)
warning,28381,HMSHEE,kinematics,/Users/radwanparvez/Documents/JLab/JLab_upstream_forks/hallc_replay_rsidis/AUX_FILES/util/verify_bigtable/nominal_kinematics_map.csv,no nominal-setting map match,,,,nearest=GT042; outside=ebeam=+2.0945 (tol=0.05);hms_p=+2.126 (tol=0.015);hms_th=+4.8 (tol=0.02);shms_p=+3.185 (tol=0.015);shms_th=+6 (tol=0.02)
warning,28382,HMSHEE,kinematics,/Users/radwanparvez/Documents/JLab/JLab_upstream_forks/hallc_replay_rsidis/AUX_FILES/util/verify_bigtable/nominal_kinematics_map.csv,no nominal-setting map match,,,,nearest=GT042; outside=ebeam=+2.0945 (tol=0.05);hms_p=+2.126 (tol=0.015);hms_th=+4.8 (tol=0.02);shms_p=+3.185 (tol=0.015);shms_th=+6 (tol=0.02)
warning,28383,HMSHEE,kinematics,/Users/radwanparvez/Documents/JLab/JLab_upstream_forks/hallc_replay_rsidis/AUX_FILES/util/verify_bigtable/nominal_kinematics_map.csv,no nominal-setting map match,,,,nearest=GT042; outside=ebeam=+2.0945 (tol=0.05);hms_p=+2.126 (tol=0.015);hms_th=+4.8 (tol=0.02);shms_p=+3.185 (tol=0.015);shms_th=+6 (tol=0.02)
warning,28384,HMSHEE,kinematics,/Users/radwanparvez/Documents/JLab/JLab_upstream_forks/hallc_replay_rsidis/AUX_FILES/util/verify_bigtable/nominal_kinematics_map.csv,no nominal-setting map match,,,,nearest=GT042; outside=ebeam=+2.0945 (tol=0.05);hms_p=+2.126 (tol=0.015);hms_th=+4.8 (tol=0.02);shms_p=+3.185 (tol=0.015);shms_th=+6 (tol=0.02)
info,ALL,,BCM1_Q..BCM4C_Q,report files,charge units intentionally depend on report type,,,,COIN values are mC; HMS/SHMS single-arm values are uC
info,ALL,,unsupported_columns,project scope,columns outside the first verification stage use -999,,,,"comp_livetime,electr_livetime,boil_corr,IHWP,BCM2_Q_hp,BCM2_Q_hm,coinblock_ratio"
info,ALL,,run_selection,/Users/radwanparvez/Documents/JLab/JLab_upstream_forks/hallc_replay_rsidis/AUX_FILES/rsidis_bigtable_pass1.csv,run membership and ordering follow the clean group reference,,,,rows=2769
info,ALL,,kinematic_coherence,/Users/radwanparvez/Documents/JLab/JLab_upstream_forks/hallc_replay_rsidis/AUX_FILES/util/verify_bigtable/kinematic_coherence.csv,continuous calculations are diagnostic and do not define nominal labels,,,,"tolerances=x:0.01,Q2:0.1,z:0.08,thpq:0.1"
